,매물,1,2,3,4,5,6,7,8,9,10
0,K3 (12~15년),올 뉴 K3 (18~21년),더 뉴 K3 (15~18년),쏘울 부스터 (19년~현재),쏘울 (08~13년),포르테 (08~13년),올 뉴 쏘울 (13~16년),더 뉴 쏘울 (16~19년),포르테 쿱 (09~13년),모델 3,i30 PD
1,어코드 9세대,XJ,508 2세대,CRV 5세대,FPACE,올 뉴 에비에이터,알티마 6세대,쿠가,Q70,3008 1세대,5008 2세대
2,쿠퍼 컨트리맨 1세대,쿠퍼 컨트리맨 2세대,쿠퍼 클럽맨 2세대,쿠퍼 2세대,500,쿠퍼 클럽맨 1세대,쿠퍼 컨버터블 3세대,더 비틀 3세대,쿠퍼 3세대,207,2시리즈 그란 쿠페
3,쏘나타 더 브릴리언트,YF쏘나타,LF쏘나타,쏘나타 DN8,쏘나타 뉴 라이즈,LF쏘나타 하이브리드,NF쏘나타 트랜스폼,쏘나타 DN8 하이브리드,i40,쏘나타 하이브리드,쏘나타 뉴 라이즈 하이브리드
4,디스커버리 4,코세어,XC60 2세대,디스커버리 5,C3 에어크로스,르반떼,C40,NX,208,쿠가,투아렉 2세대
5,더 뉴 카니발 (18~20년),올 뉴 카니발 (14~18년),카니발 4세대 (20년~현재),뉴 카니발 R (10~14년),그랜드 카니발 (05~10년),스토닉 (17년~현재),스포티지R (10~13년),기아 더 SUV 스포티지,스포티지 4세대 (15~18년),뉴 쏘렌토R (12~14년),더 뉴 스포티지R (13~16년)
6,더 K9 (18년~현재),K9 (12~14년),더 뉴 K9 (14~18년),더 뉴 K7 (12~16년),더 프레스티지 K7 (11~12년),K7 프리미어 (19~21년),올 뉴 K7 (16~19년),더 뉴 K9 (21년~현재),K7 (09~11년),K7 프리미어 하이브리드 (19~21년),올 뉴 K7 하이브리드 (16년~현재)
7,더 뉴 아반떼MD,아반떼HD,아반떼 CN7,더 뉴 아반떼,더 뉴 아반떼AD,i30 PD,아반떼MD,아반떼AD,i30,벨로스터 N,뉴 i30
8,쏘나타 뉴 라이즈 하이브리드,쏘나타 DN8 하이브리드,LF쏘나타 하이브리드,쏘나타 하이브리드,쏘나타 더 브릴리언트,YF쏘나타,i40,LF쏘나타,쏘나타 뉴 라이즈,쏘나타 DN8,NF쏘나타 트랜스폼
9,M클래스 3세대,3008 1세대,XC90 2세대,레인지로버이보크 1세대,508 1세대,디스커버리 5,르반떼,3008 2세대,레인지로버 4세대,CRV 5세대,RAV4 5세대
10,크루즈,더 뉴 맥스크루즈,어메이징 뉴 크루즈,올 뉴 크루즈,베라크루즈,맥스크루즈,콜로라도,이쿼녹스,알페온,더 뉴 벨로스터,캡티바
11,마이티,더 뉴 봉고3 (19년~현재),봉고3 (04~19년),포터2 일렉트릭,포터2,F150,포터,뉴 라보,글래디에이터,쏠라티,레인지로버 스포츠
12,마칸,3008 2세대,뉴 레인지로버 스포츠,컴패스 1세대,레인저,투아렉 2세대,티록,CRV 5세대,3008 1세대,V40 크로스컨트리,디스커버리 5
13,뉴모닝 (08~11년),모닝 어반 (20년~현재),더 뉴 모닝 (15~17년),올 뉴 모닝 (17~20년),올 뉴 모닝 (11~15년),마티즈 크리에이티브,더 넥스트 스파크,캐스퍼,더 뉴 스파크,레이 (11~17년),스파크
14,포르테 쿱 (09~13년),콰트로포르테  6세대,올 뉴 쏘울 (13~16년),더 뉴 i30,폴로 5세대,더 뉴 쏘울 (16~19년),쏘울 부스터 (19년~현재),IS 3세대,시빅 10세대,IS 2세대,Q30
15,QM5 네오,마스터,뉴 QM6,뉴 QM5,미스터,뉴 SM5,조에,티록,SM7 뉴 아트,QM5,에스컬레이드 4세대
16,뉴 에쿠스,아슬란,더 뉴 그랜저,그랜저 뉴 럭셔리,더 뉴 그랜저IG,제네시스DH,더 뉴 그랜저IG 하이브리드,그랜저TG,더 럭셔리 그랜저,그랜저HG,그랜저HG 하이브리드
17,G80,EQ900,G90,GV80,GV70,G70,제네시스DH,더 올 뉴 G80,더 뉴 G70,제네시스,제네시스 쿠페
18,K9 (12~14년),더 뉴 K9 (14~18년),더 K9 (18년~현재),더 뉴 K7 (12~16년),더 프레스티지 K7 (11~12년),K7 프리미어 (19~21년),올 뉴 K7 (16~19년),더 뉴 K9 (21년~현재),K7 (09~11년),K7 하이브리드 (13~16년),K7 프리미어 하이브리드 (19~21년)
19,프리몬트,레인지로버 4세대,CRV 5세대,디스커버리 5,에스컬레이드 4세대,V40 크로스컨트리,랭글러 4세대,올 뉴 에비에이터,RAV4 5세대,RAV4,MKC
20,레인저,DS3,3008 2세대,투아렉 2세대,퓨전 2세대,쿠가,CRV 5세대,XC90 2세대,글래디에이터,디스커버리 5,컴패스 1세대
21,K5 하이브리드 2세대 (15~18년),스팅어 마이스터 (20년~현재),로체 이노베이션 (08~10년),캠리 8세대,ES 6세대,YF소나타 하이브리드,캠리 7세대,S60 3세대,더 뉴 K5 하이브리드 (18~19년),Q50,CTS
22,1시리즈 3세대 (20년~현재),X1 2세대 (16년~현재),2시리즈 그란 쿠페,X3 3세대 (17년~현재),머스탱 6세대,i3 (14년~현재),6시리즈 3세대 (11~18년),시로코 3세대,더 비틀 3세대,X4 1세대 (14~18년),X3 2세대 (11~17년)
23,모하비 (07~16년),더 뉴 모하비 (16년~19년),모하비 더 마스터 (19년~현재),기아 더 SUV 스포티지,스포티지R (10~13년),더 뉴 스포티지R (13~16년),스토닉 (17년~현재),스포티지 더 볼드 (18년~현재),그랜드 카니발 (05~10년),스포티지 4세대 (15~18년),뉴 쏘렌토R (12~14년)
24,파사트 GT 8세대,파사트 7세대,뉴 XF,뉴 CC,Q3 1세대,페이톤,시로코 3세대,V40 2세대,티구안 올스페이스 2세대,몬데오 4세대,C40
25,로디우스,액티언,체어맨 W,V40 크로스컨트리,체어맨 H 뉴 클래식,체어맨W,뉴 체어맨W,르반떼,3008 2세대,508 1세대,프리몬트
26,2시리즈 그란 쿠페,시로코 3세대,더 비틀 3세대,i3 (14년~현재),C3 에어크로스,쿠퍼 컨버터블 3세대,500,1시리즈 3세대 (20년~현재),207,쿠퍼 클럽맨 1세대,SLK클래스 3세대
27,EQ900,G90,G80,더 올 뉴 G80,G70,GV80,GV70,더 뉴 G70,제네시스DH,제네시스,제네시스 쿠페
28,LS 4세대,파나메라 2세대,300C 2세대,파나메라 1세대,V90 크로스컨트리,Q70,알티마 5세대,UX,LS 5세대,어코드 10세대,MKZ 2세대
29,더 뉴 제네시스 쿠페,제네시스 쿠페,MKS,카운티,300C 2세대,K8 (21년~현재),토러스,LS 4세대,LS 5세대,V90 크로스컨트리,파나메라 2세대
30,GLA클래스 1세대,GLC클래스,A클래스 4세대,CLA클래스 1세대,A클래스 3세대,GLE클래스 1세대,C클래스 3세대,CLS클래스 2세대,GLK클래스,AMG GT,CLS클래스 3세대
31,로체 이노베이션 (08~10년),S60 3세대,랜서,캠리 7세대,XJ,스팅어 마이스터 (20년~현재),어코드 10세대,알티마 5세대,Q50,몬데오 4세대,CTS
32,코나 일렉트릭,더 뉴 코나,코나 N,코나,아이오닉5,베뉴,더 뉴 아이오닉 일렉트릭,싼타페 더 스타일,넥쏘,니로 EV (18년~현재),i30 GD
33,뉴다마스,토스카,콜로라도,올란도,라세티 프리미어,올 뉴 말리부,마티즈 크리에이티브,알페온,더 뉴 말리부,스파크,뉴 SM5
34,클리오,조에,쿠퍼 컨트리맨 1세대,쿠퍼 컨트리맨 2세대,쿠퍼 클럽맨 2세대,QM5 네오,쿠퍼 2세대,마스터,500,QM5,207
35,MKZ 2세대,UX,NX,LS 5세대,V90 크로스컨트리,파나메라 2세대,프리우스,300C 2세대,LS 4세대,시빅 10세대,S90 2세대
36,뷰티풀 코란도,코란도 투리스모,뉴 코란도,코란도 스포츠,뉴 스타일 코란도,코란도 C,뉴 코란도 C,더 뉴 코란도 스포츠,렉스턴 스포츠 칸,렉스턴 스포츠,더 뉴 렉스턴 스포츠 칸
37,2008,CC,티구안 1세대,더 비틀 3세대,X4 1세대 (14~18년),X6 2세대 (14~19년),X6 1세대 (08~14년),C40,X3 3세대 (17년~현재),티구안 올스페이스 2세대,파사트 GT 8세대
38,리얼 뉴 콜로라도,윈스톰,트래버스,익스프레스,라세티 프리미어,토스카,컴패스 1세대,이쿼녹스,미스터,파일럿 3세대,CRV 5세대
39,QM5,캡처,뉴 QM3,더 뉴 QM6,QM3,QM5 네오,QM6,마스터,뉴 QM6,SM5 뉴 임프레션,뉴SM5 플래티넘
40,올 뉴 쏘울 (13~16년),더 뉴 쏘울 (16~19년),쏘울 부스터 (19년~현재),포르테 쿱 (09~13년),쏘울 (08~13년),포르테 (08~13년),시빅 10세대,콰트로포르테  6세대,더 뉴 i30,IS 2세대,I30
41,뉴 투싼ix,올 뉴 투싼,투싼ix,디 올 뉴 투싼,디 올 뉴 투싼 하이브리드,싼타페CM,싼타페 더 스타일,더 뉴 싼타페,싼타페 더 프라임,싼타페DM,싼타페TM
42,A5 2세대,A6 5세대,A6 3세대,S60 2세대,A5 1세대,XF,Q5 1세대,S4,뉴 CC,파사트 7세대,A3 3세대
43,랭글러 4세대,올 뉴 에비에이터,컴패스 1세대,CRV 5세대,RAV4,프리몬트,에스컬레이드 4세대,Q70,디스커버리 5,어코드 9세대,MKC
44,GV80,GV70,G90,G80,EQ900,G70,더 올 뉴 G80,제네시스,더 뉴 G70,제네시스DH,제네시스 쿠페
45,투아렉 2세대,3008 1세대,쿠가,레인저,퓨전 2세대,레인지로버이보크 1세대,C40,CRV 5세대,레인지로버 4세대,DS3,V60 크로스컨트리 2세대
46,노틸러스,FPACE,V60 크로스컨트리 2세대,쿠가,QX60,퓨전 2세대,코세어,XJ,C40,컴패스 2세대,알티마 6세대
47,뉴 QM6,QM5 네오,마스터,뉴 QM5,미스터,뉴 SM5,SM7 뉴 아트,조에,QM5,에스컬레이드 4세대,로체 이노베이션 (08~10년)
48,쏘나타 DN8 하이브리드,LF쏘나타 하이브리드,쏘나타 뉴 라이즈 하이브리드,쏘나타 하이브리드,쏘나타 더 브릴리언트,YF쏘나타,LF쏘나타,i40,쏘나타 뉴 라이즈,쏘나타 DN8,NF쏘나타 트랜스폼
49,컴패스 2세대,랭글러 3세대,C40,노틸러스,코세어,V60 크로스컨트리 2세대,쿠가,컴패스 1세대,퓨전 2세대,투아렉 2세대,올 뉴 에비에이터
50,쿠퍼 쿠페,C3 에어크로스,208,SLK클래스 3세대,쿠퍼 컨버터블 3세대,베르나,A8 3세대,QX60,500,FPACE,쿠가
51,그랜저IG,그랜저HG,더 뉴 그랜저IG,그랜저 뉴 럭셔리,더 뉴 그랜저,더 럭셔리 그랜저,그랜저IG 하이브리드,더 뉴 그랜저 하이브리드,그랜저TG,뉴 에쿠스,아슬란
52,SLK클래스 3세대,C40,QX60,노틸러스,V60 크로스컨트리 2세대,Q5 2세대,레인지로버이보크 1세대,쿠가,박스터,3008 1세대,랭글러 3세대
53,스팅어 (17~20년),K5 (10~13년),더 뉴 K5 (18~20년),더 뉴 K5 (13~15년),K5 2세대 (15~18년),K5 (19년~현재),K5 하이브리드 (11~15년),K5 하이브리드 (19년~현재),더 뉴 K5 하이브리드 (18~19년),스팅어 마이스터 (20년~현재),K5 하이브리드 2세대 (15~18년)
54,어코드 10세대,CT6,S60 3세대,알티마 5세대,F타입,CTS,QX60,캠리 7세대,파나메라 1세대,FPACE,쿠가
55,308,페이톤,쿠가,르반떼,폴로 5세대,IS 2세대,SLK클래스 3세대,프리우스 4세대,티구안 올스페이스 2세대,레인지로버이보크 1세대,디스커버리 4
56,아반떼 CN7,더 뉴 아반떼,더 뉴 아반떼MD,더 뉴 아반떼AD,아반떼HD,아반떼MD,아반떼AD,i30 PD,i30,뉴 i30,벨로스터 JS
57,뉴 SM5,로체 이노베이션 (08~10년),QM5 네오,마스터,미스터,뉴 QM6,SM7 뉴 아트,토스카,S60 3세대,랜서,NF쏘나타
58,Q5 1세대,Q3 1세대,Q8,A3 3세대,파사트 7세대,뉴 CC,CC,A5 2세대,아테온,A6 5세대,A6 3세대
59,그랜저HG,그랜저IG,더 뉴 그랜저IG,그랜저 뉴 럭셔리,더 뉴 그랜저,그랜저IG 하이브리드,더 럭셔리 그랜저,더 뉴 그랜저 하이브리드,그랜저TG,뉴 에쿠스,더 뉴 그랜저IG 하이브리드
60,코나 N,더 뉴 코나,코나 일렉트릭,니로 EV (18년~현재),넥쏘,베뉴,갤로퍼,프리몬트,에스컬레이드 4세대,아이오닉5,랭글러 4세대
61,GLA클래스 2세대,GLE클래스 2세대,CT6,B클래스 2세대,어코드 10세대,알티마 5세대,QX60,랭글러 3세대,S클래스 7세대,V60 크로스컨트리 2세대,F타입
62,디스커버리 스포츠,레인지로버 이보크,티구안 2세대,티구안 1세대,레인지로버 스포츠,뉴 레인지로버 스포츠,2008,CC,체로키 5세대,마칸,티구안 올스페이스 2세대
63,A7 1세대,토러스,A5 2세대,A6 3세대,A4 5세대,머스탱 6세대,A3 3세대,A6 5세대,A5 1세대,7시리즈 6세대 (16년~현재),XE
64,GLE클래스 2세대,GLA클래스 2세대,CT6,QX60,어코드 9세대,ATS,캠리 7세대,쿠가,UX,V60 크로스컨트리 2세대,알티마 6세대
65,아반떼 CN7 하이브리드,I30,더 뉴 아이오닉 하이브리드,프리우스,프리우스 4세대,시빅 10세대,LS 5세대,i30 GD,더 뉴 i30,더 뉴 아이오닉 일렉트릭,넥쏘
66,SM3 네오,뉴 SM3,뉴SM5 플래티넘,SM5 뉴 임프레션,더 뉴 SM6,뉴 SM5 (신형),올 뉴 SM7,SM5 노바,QM5,SM7 뉴 아트,SM5
67,엑센트(신형),올 뉴 프라이드 (11~15년),쿠퍼 3세대,쿠퍼 2세대,아베오,뉴클릭,더 뉴 프라이드 (15~17년),쿠퍼 클럽맨 2세대,쿠퍼 컨트리맨 1세대,아이오닉5,베르나
68,싼타페 더 프라임,싼타페TM,싼타페DM,더 뉴 싼타페,싼타페CM,싼타페 더 스타일,투싼ix,싼타페,뉴 투싼ix,디 올 뉴 투싼 하이브리드,더 뉴 코나
69,랜서,S60 3세대,알티마 5세대,V36,로체 이노베이션 (08~10년),어코드 10세대,캠리 7세대,CTS,QX60,F타입,박스터
70,더 뉴 렉스턴 스포츠 칸,코란도 C,렉스턴W,더 뉴 코란도 스포츠,뉴 스타일 코란도,뉴 코란도 C,렉스턴 스포츠,렉스턴 스포츠 칸,G4 렉스턴,뉴 코란도,올 뉴 렉스턴
71,베뉴,아이오닉5,넥쏘,갤로퍼,더 뉴 아이오닉 하이브리드,i30 GD,니로 EV (18년~현재),LS 5세대,더 뉴 아이오닉 일렉트릭,I30,아반떼 CN7 하이브리드
72,7시리즈 6세대 (16년~현재),6시리즈 3세대 (11~18년),머스탱 6세대,X3 3세대 (17년~현재),5시리즈 4세대 (95~03년),4시리즈 1세대 (13~20년),X1 2세대 (16년~현재),X6 2세대 (14~19년),5시리즈 5세대 (03~10년),X5 3세대 (13~18년),1시리즈 3세대 (20년~현재)
73,NF쏘나타 트랜스폼,쏘나타 더 브릴리언트,i40,i40 살룬,NF쏘나타,LF쏘나타,쏘나타 하이브리드,YF쏘나타,쏘나타 뉴 라이즈,LF쏘나타 하이브리드,쏘나타 DN8
74,E클래스 9세대,E클래스 10세대,GLA클래스 1세대,GLE클래스 1세대,C클래스 3세대,CLA클래스 1세대,CLS클래스 2세대,GLC클래스,A클래스 4세대,S클래스 6세대,A클래스 3세대
75,그랜저TG,더 뉴 그랜저IG 하이브리드,더 럭셔리 그랜저,K8 (21년~현재),그랜저 뉴 럭셔리,그랜저HG 하이브리드,LS 5세대,더 뉴 그랜저IG,더 뉴 K9 (21년~현재),아슬란,K7 (09~11년)
76,라세티 프리미어,토스카,익스프레스,랜서,로체 이노베이션 (08~10년),트래버스,카마로,리얼 뉴 콜로라도,캠리 7세대,S60 3세대,스팅어 마이스터 (20년~현재)
77,더 뉴 봉고3 (19년~현재),봉고3 (04~19년),마이티,포터2 일렉트릭,포터2,F150,포터,뉴 라보,글래디에이터,쏠라티,뉴 카니발 R (10~14년)
78,베리 뉴 티볼리,티볼리 아머,티볼리 에어,티볼리,뷰티풀 코란도,코란도 투리스모,코란도 스포츠,뉴 코란도,뉴 스타일 코란도,렉스턴 스포츠,렉스턴 스포츠 칸
79,레이 (11~17년),더 뉴 레이 (17년~현재),모닝 어반 (20년~현재),더 뉴 모닝 (15~17년),뉴모닝 (08~11년),올 뉴 모닝 (11~15년),올 뉴 모닝 (17~20년),셀토스 (19년~현재),마티즈 크리에이티브,캐스퍼,더 넥스트 스파크
80,뉴 카니발 R (10~14년),카니발 4세대 (20년~현재),그랜드 카니발 (05~10년),더 뉴 카니발 (18~20년),올 뉴 카니발 (14~18년),스토닉 (17년~현재),기아 더 SUV 스포티지,스포티지R (10~13년),뉴 쏘렌토R (12~14년),더 뉴 스포티지R (13~16년),스포티지 4세대 (15~18년)
81,올 뉴 K7 (16~19년),K7 프리미어 (19~21년),더 뉴 K7 (12~16년),더 프레스티지 K7 (11~12년),K7 프리미어 하이브리드 (19~21년),올 뉴 K7 하이브리드 (16년~현재),K9 (12~14년),K7 하이브리드 (13~16년),K7 (09~11년),더 K9 (18년~현재),더 뉴 K9 (14~18년)
82,디 올 뉴 투싼 하이브리드,투싼ix,디 올 뉴 투싼,뉴 투싼ix,올 뉴 투싼,싼타페 더 스타일,베뉴,더 뉴 니로 (19년~현재),넥쏘,더 뉴 아이오닉 하이브리드,갤로퍼
83,Q70,EPACE,FPACE,CRV 5세대,XC90 2세대,A8 3세대,디스커버리 5,올 뉴 에비에이터,XT5,RAV4,쿠가
84,더 뉴 스포티지R (13~16년),스포티지 더 볼드 (18년~현재),스포티지 4세대 (15~18년),스포티지R (10~13년),기아 더 SUV 스포티지,스토닉 (17년~현재),뉴 스포티지 (04~10년),모하비 (07~16년),그랜드 카니발 (05~10년),더 뉴 모하비 (16년~19년),모하비 더 마스터 (19년~현재)
85,캡처,QM5,더 뉴 QM6,뉴 QM3,QM6,QM5 네오,QM3,XM3,마스터,뉴 QM6,더 뉴 SM6
86,니로 EV (18년~현재),EV6 (21년~현재),넥쏘,LS 5세대,RAV4,쏠라티,프리몬트,MKC,오피러스 프리미엄 (09~11년),Q70,EPACE
87,더 뉴 말리부,올 뉴 말리부,말리부,알페온,콜로라도,뉴다마스,임팔라,마티즈 크리에이티브,라세티 프리미어,토스카,더 뉴 스파크
88,올란도,캡티바,뉴다마스,이쿼녹스,콜로라도,트랙스,윈스톰,더 뉴 트랙스,트레일블레이저,리얼 뉴 콜로라도,더 뉴 카렌스 (16~18년)0
89,뉴 코란도 C,코란도 C,더 뉴 코란도 스포츠,뉴 스타일 코란도,뉴 코란도,코란도 투리스모,더 뉴 렉스턴 스포츠 칸,렉스턴W,올 뉴 렉스턴,뷰티풀 코란도,코란도 스포츠
90,갤로퍼,넥쏘,니로 EV (18년~현재),EV6 (21년~현재),쏠라티,LS 5세대,MKC,아이오닉5,RAV4,시빅 10세대,EPACE
91,기아 더 SUV 스포티지,더 뉴 스포티지R (13~16년),스포티지R (10~13년),스포티지 더 볼드 (18년~현재),스포티지 4세대 (15~18년),뉴 스포티지 (04~10년),그랜드 카니발 (05~10년),모하비 (07~16년),스토닉 (17년~현재),뉴 카니발 R (10~14년),뉴 쏘렌토R (12~14년)
92,코란도 스포츠,뉴 코란도,코란도 투리스모,코란도 C,뉴 스타일 코란도,뷰티풀 코란도,렉스턴 스포츠,뉴 코란도 C,렉스턴 스포츠 칸,G4 렉스턴,더 뉴 코란도 스포츠
93,i40 살룬,NF쏘나타,NF쏘나타 트랜스폼,i40,YF소나타 하이브리드,로체 이노베이션 (08~10년),기블리,Q50,캠리 8세대,몬데오 4세대,쏘나타 하이브리드
94,더 뉴 트랙스,트랙스,트레일블레이저,이쿼녹스,캡티바,콜로라도,윈스톰,알페온,리얼 뉴 콜로라도,올란도,마티즈 크리에이티브
95,5시리즈 6세대 (10~16년),5시리즈 7세대 (17년~현재),5시리즈 4세대 (95~03년),5시리즈 5세대 (03~10년),4시리즈 1세대 (13~20년),7시리즈 6세대 (16년~현재),X5 3세대 (13~18년),X3 3세대 (17년~현재),X6 2세대 (14~19년),X1 2세대 (16년~현재),X3 2세대 (11~17년)
96,V40 2세대,몬데오 4세대,퓨전 2세대,3008 1세대,Q50,XC90 2세대,508 2세대,XJ,508 1세대,뉴 XF,쿠가
97,뉴 쏘렌토R (12~14년),MQ4,쏘렌토R (09~12년),쏘렌토 4세대 (20년~현재),올 뉴 쏘렌토 (14~17년),더 뉴 쏘렌토 (17~20년),쏘렌토 4세대 하이브리드 (20년~현재),스토닉 (17년~현재),기아 더 SUV 스포티지,그랜드 카니발 (05~10년),뉴 카니발 R (10~14년)
98,알페온,마티즈 크리에이티브,콜로라도,임팔라,더 뉴 스파크,스파크,더 넥스트 스파크,트레일블레이저,이쿼녹스,토스카,윈스톰
99,싼타페TM,싼타페 더 프라임,싼타페DM,더 뉴 싼타페,싼타페CM,싼타페 더 스타일,싼타페,투싼ix,더 뉴 코나,뉴 투싼ix,펠리세이드
100,ES 6세대,캠리 8세대,UX,프리우스,MKZ 2세대,LS 5세대,캠리,NX,K5 하이브리드 2세대 (15~18년),YF소나타 하이브리드,CTS
101,쏘렌토 4세대 (20년~현재),MQ4,쏘렌토R (09~12년),뉴 쏘렌토R (12~14년),올 뉴 쏘렌토 (14~17년),더 뉴 쏘렌토 (17~20년),쏘렌토 4세대 하이브리드 (20년~현재),스토닉 (17년~현재),뉴 카니발 R (10~14년),그랜드 카니발 (05~10년),기아 더 SUV 스포티지
102,스타리아,넥쏘,갤로퍼,i30 GD,니로 EV (18년~현재),아이오닉5,쏠라티,LS 5세대,더 뉴 아이오닉 일렉트릭,EV6 (21년~현재),i40 살룬
103,트랙스,더 뉴 트랙스,트레일블레이저,캡티바,이쿼녹스,콜로라도,윈스톰,알페온,올란도,리얼 뉴 콜로라도,마티즈 크리에이티브
104,뉴 라보,더 뉴 카렌스 (16~18년)0,F150,올 뉴 카렌스 (13~16년),쏠라티,익스프레스,뉴 카렌스 (06~08년),더 뉴 K5 하이브리드 (18~19년),윈스톰,글래디에이터,트래버스
105,아이오닉 하이브리드,더 뉴 아이오닉 일렉트릭,i30,더 뉴 아이오닉 하이브리드,뉴 i30,i30 PD,모델 3,아반떼HD,아이오닉5,벨로스터 N,더 뉴 벨로스터
106,더 뉴 그랜저IG 하이브리드,그랜저HG 하이브리드,그랜저TG,더 럭셔리 그랜저,더 뉴 그랜저 하이브리드,그랜저IG 하이브리드,그랜저 뉴 럭셔리,더 뉴 그랜저,더 뉴 아이오닉 하이브리드,K7 하이브리드 (13~16년),더 뉴 그랜저IG
107,시에나,랭글러 3세대,XT5,FPACE,F타입,컴패스 2세대,V60 크로스컨트리 2세대,CT6,노틸러스,알티마 5세대,QX60
108,A클래스 4세대,A클래스 3세대,CLA클래스 1세대,쿠퍼 클럽맨 2세대,GLA클래스 1세대,AMG GT,쿠퍼 2세대,CLS클래스 2세대,GLE클래스 1세대,쿠퍼 컨트리맨 2세대,CLS클래스 3세대
109,모하비 더 마스터 (19년~현재),더 뉴 모하비 (16년~19년),모하비 (07~16년),스토닉 (17년~현재),더 뉴 스포티지R (13~16년),스포티지R (10~13년),기아 더 SUV 스포티지,스포티지 4세대 (15~18년),스포티지 더 볼드 (18년~현재),그랜드 카니발 (05~10년),뉴 쏘렌토R (12~14년)
110,SM7 뉴 아트,올 뉴 SM7,뉴 SM5,뉴 QM6,마스터,QM5 네오,SM5 뉴 임프레션,더 뉴 SM6,미스터,SM7 노바,뉴 SM5 (신형)
111,더 뉴 K7 (12~16년),K7 프리미어 (19~21년),더 프레스티지 K7 (11~12년),올 뉴 K7 (16~19년),K7 프리미어 하이브리드 (19~21년),올 뉴 K7 하이브리드 (16년~현재),K7 하이브리드 (13~16년),K9 (12~14년),더 뉴 K9 (14~18년),K7 (09~11년),더 K9 (18년~현재)
112,QM3,뉴 QM3,QM5,캡처,더 뉴 QM6,QM6,QM5 네오,뉴 QM6,마스터,뉴 QM5,XM3
113,더 뉴 스파크,더 넥스트 스파크,스파크,마티즈 크리에이티브,알페온,콜로라도,트레일블레이저,뉴모닝 (08~11년),캐스퍼,모닝 어반 (20년~현재),임팔라
114,ATS,CTS,CT6,QX60,쿠가,Q50,XJ,몬데오 4세대,노틸러스,퓨전 2세대,코세어
115,뉴 스타일 코란도,코란도 C,뉴 코란도 C,뉴 코란도,코란도 스포츠,더 뉴 코란도 스포츠,코란도 투리스모,더 뉴 렉스턴 스포츠 칸,뷰티풀 코란도,올 뉴 렉스턴,렉스턴W
116,더 뉴 싼타페,싼타페DM,싼타페CM,싼타페 더 프라임,싼타페TM,싼타페 더 스타일,투싼ix,뉴 투싼ix,디 올 뉴 투싼,디 올 뉴 투싼 하이브리드,싼타페
117,3시리즈 6세대 (12~18년),3시리즈 7세대 (19년~현재),3시리즈 5세대 (05~13년),2시리즈 액티브 투어러 1세대 (14년~현재),골프 7세대,제타,4시리즈 1세대 (13~20년),X5 3세대 (13~18년),골프 6세대,제타 6세대,5시리즈 5세대 (03~10년)
118,익스프레스,트래버스,리얼 뉴 콜로라도,파일럿 3세대,FPACE,라세티 프리미어,윈스톰,XT5,컴패스 1세대,CRV 5세대,쏠라티
119,컨티넨탈 10세대,XT5,EPACE,QX60,알티마 6세대,FPACE,어코드 10세대,랭글러 3세대,F타입,파나메라 2세대,파나메라 1세대
120,C클래스 3세대,CLA클래스 1세대,C클래스 4세대,GLE클래스 1세대,GLA클래스 1세대,CLS클래스 2세대,A클래스 3세대,A클래스 4세대,AMG GT,GLK클래스,B클래스 2세대
121,마티즈 크리에이티브,알페온,더 넥스트 스파크,콜로라도,더 뉴 스파크,스파크,캐스퍼,트래버스,익스프레스,라세티 프리미어,윈스톰
122,V60 크로스컨트리 2세대,쿠가,QX60,노틸러스,XT5,C40,알티마 6세대,FPACE,퓨전 2세대,CRV 5세대,코세어
123,체어맨 W,체어맨W,체어맨 H 뉴 클래식,뉴 체어맨W,로디우스,파나메라 2세대,컨티넨탈 10세대,300C 2세대,파나메라 1세대,MKC,MKS
124,2시리즈 액티브 투어러 1세대 (14년~현재),3시리즈 5세대 (05~13년),제타 6세대,골프 6세대,X1 1세대 (10~15년),X3 2세대 (11~17년),X5 3세대 (13~18년),X6 2세대 (14~19년),X4 1세대 (14~18년),X1 2세대 (16년~현재),X3 3세대 (17년~현재)
125,M3 5세대 (14년~현재),타이칸,6시리즈 4세대 (18~현재),SLK클래스 3세대,CT6,XE,S90 2세대,뉴 XF,Q7 2세대,i3 (14년~현재),QX60
126,더 뉴 K5 (18~20년),K5 (19년~현재),더 뉴 K5 (13~15년),K5 (10~13년),K5 2세대 (15~18년),스팅어 (17~20년),K5 하이브리드 (11~15년),K5 하이브리드 (19년~현재),더 뉴 K5 하이브리드 (18~19년),K5 하이브리드 2세대 (15~18년),스팅어 마이스터 (20년~현재)
127,글래디에이터,레인저,볼트EV,레인지로버 4세대,타이칸,디스커버리 4,DS3,EV6 (21년~현재),C3 에어크로스,디스커버리 5,쿠가
128,X6 2세대 (14~19년),X4 1세대 (14~18년),X3 2세대 (11~17년),X3 3세대 (17년~현재),X5 3세대 (13~18년),X1 2세대 (16년~현재),X6 1세대 (08~14년),X4 2세대 (18년~현재),1시리즈 3세대 (20년~현재),X1 1세대 (10~15년),6시리즈 3세대 (11~18년)
129,이쿼녹스,콜로라도,윈스톰,리얼 뉴 콜로라도,캡티바,트레일블레이저,더 뉴 트랙스,트랙스,익스프레스,알페온,트래버스
130,레인지로버 이보크,레인지로버 스포츠,뉴 레인지로버 스포츠,디스커버리 스포츠,티구안 1세대,티구안 2세대,마칸,2008,3008 2세대,X4 2세대 (18년~현재),티구안 올스페이스 2세대
131,뉴 스포티지 (04~10년),올 뉴 카렌스 (13~16년),쏠라티,기아 더 SUV 스포티지,더 뉴 카렌스 (16~18년)0,마칸,스포티지R (10~13년),뉴 레인지로버 스포츠,그랜드 카니발 (05~10년),3008 2세대,레인저
132,어메이징 뉴 크루즈,올 뉴 크루즈,크루즈,더 뉴 맥스크루즈,베라크루즈,맥스크루즈,알페온,콜로라도,마티즈 크리에이티브,이쿼녹스,더 뉴 스파크
133,GLK클래스,GLB클래스,GLE클래스 1세대,CLS클래스 3세대,B클래스 2세대,AMG GT,CLS클래스 2세대,S클래스 7세대,C40,GLE클래스 2세대,GLA클래스 2세대
134,쏘울 부스터 (19년~현재),올 뉴 쏘울 (13~16년),쏘울 (08~13년),더 뉴 쏘울 (16~19년),포르테 (08~13년),포르테 쿱 (09~13년),더 뉴 i30,콰트로포르테  6세대,시빅 10세대,폴로 5세대,I30
135,카마로,F타입,박스터,CT6,FPACE,어코드 10세대,컨티넨탈 10세대,알티마 5세대,캠리 7세대,S60 3세대,XT5
136,S60 3세대,알티마 5세대,어코드 10세대,캠리 7세대,CT6,CTS,XJ,FPACE,QX60,랜서,박스터
137,G90,EQ900,더 올 뉴 G80,G80,더 뉴 G70,GV70,GV80,G70,제네시스DH,제네시스,제네시스 쿠페
138,체어맨W,체어맨 W,체어맨 H 뉴 클래식,뉴 체어맨W,로디우스,액티언,300C 2세대,컨티넨탈 10세대,파나메라 1세대,파나메라 2세대,MKS
139,올 뉴 카렌스 (13~16년),더 뉴 카렌스 (16~18년)0,뉴 카렌스 (06~08년),쏠라티,스팅어 마이스터 (20년~현재),익스프레스,오피러스 프리미엄 (09~11년),파일럿 3세대,트래버스,레인저,MKC
140,펠리세이드,싼타페TM,싼타페CM,싼타페 더 프라임,더 뉴 싼타페,싼타페 더 스타일,싼타페DM,더 뉴 코나,투싼ix,베뉴,올 뉴 투싼
141,니로 (16~19년),더 뉴 니로 (19년~현재),쏘렌토 4세대 하이브리드 (20년~현재),K7 프리미어 하이브리드 (19~21년),올 뉴 K7 하이브리드 (16년~현재),K7 하이브리드 (13~16년),더 뉴 그랜저IG 하이브리드,디 올 뉴 투싼 하이브리드,그랜저HG 하이브리드,그랜저IG 하이브리드,더 뉴 그랜저 하이브리드
142,올 뉴 렉스턴,G4 렉스턴,렉스턴 스포츠 칸,렉스턴W,렉스턴 스포츠,뉴 코란도 C,코란도 C,더 뉴 렉스턴 스포츠 칸,뉴 스타일 코란도,뉴 코란도,더 뉴 코란도 스포츠
143,G70,EQ900,G80,G90,GV80,GV70,더 올 뉴 G80,더 뉴 G70,제네시스DH,제네시스,제네시스 쿠페
144,말리부,올 뉴 말리부,더 뉴 말리부,알페온,뉴다마스,콜로라도,임팔라,토스카,마티즈 크리에이티브,라세티 프리미어,이쿼녹스
145,더 뉴 아반떼AD,더 뉴 아반떼,아반떼MD,아반떼AD,아반떼 CN7,더 뉴 아반떼MD,아반떼HD,뉴 i30,i30,i30 PD,벨로스터 JS
146,A5 1세대,S4,A6 3세대,Q7 2세대,Q5 2세대,캠리 8세대,Q50,V36,CTS,뉴 XF,기블리
147,뉴 CC,파사트 7세대,파사트 GT 8세대,아테온,CC,뉴 XF,Q3 1세대,시로코 3세대,A6 3세대,Q50,XE
148,더 뉴 렉스턴 스포츠,렉스턴W,올 뉴 렉스턴,뉴 코란도 C,더 뉴 렉스턴 스포츠 칸,뉴 스타일 코란도,더 뉴 코란도 스포츠,코란도 C,G4 렉스턴,렉스턴 스포츠 칸,렉스턴 스포츠
149,그랜저 뉴 럭셔리,더 뉴 그랜저IG,더 뉴 그랜저,그랜저HG,그랜저IG,더 럭셔리 그랜저,그랜저IG 하이브리드,더 뉴 그랜저 하이브리드,그랜저HG 하이브리드,뉴 에쿠스,더 뉴 그랜저IG 하이브리드
150,포터,포터2,포터2 일렉트릭,마이티,더 뉴 봉고3 (19년~현재),봉고3 (04~19년),F150,아이오닉5,뉴 라보,싼타페 더 스타일,더 뉴 아이오닉 일렉트릭
151,V36,랜서,CTS,CT6,Q50,어코드 10세대,S4,기블리,ATS,S60 3세대,알티마 5세대
152,체어맨 H 뉴 클래식,체어맨 W,체어맨W,파나메라 1세대,MKS,300C 2세대,컨티넨탈 10세대,파나메라 2세대,로디우스,뉴 체어맨W,V60 크로스컨트리 2세대
153,쿠가,퓨전 2세대,FPACE,V60 크로스컨트리 2세대,QX60,C40,노틸러스,투아렉 2세대,알티마 6세대,XJ,3008 1세대
154,토스카,라세티 프리미어,트래버스,로체 이노베이션 (08~10년),익스프레스,캠리 7세대,S60 3세대,랜서,카마로,리얼 뉴 콜로라도,스팅어 마이스터 (20년~현재)
155,아반떼HD,더 뉴 아반떼MD,아반떼 CN7,i30 PD,더 뉴 아반떼,벨로스터 N,뉴 i30,더 뉴 아반떼AD,i30,더 뉴 벨로스터,아반떼MD
156,XM3,캡처,QM5,더 뉴 QM6,QM6,뉴 QM3,QM3,QM5 네오,SM7 뉴 아트,마스터,올 뉴 SM7
157,208,C3 에어크로스,베르나,쿠퍼 컨버터블 3세대,쿠퍼 쿠페,볼트EV,디스커버리 4,쿠가,타이칸,207,500
158,싼타페 더 스타일,싼타페CM,더 뉴 싼타페,싼타페DM,싼타페TM,싼타페 더 프라임,아이오닉5,넥쏘,디 올 뉴 투싼,베뉴,갤로퍼
159,레인지로버이보크 1세대,3008 1세대,XC90 2세대,투아렉 2세대,CRV 5세대,C40,퓨전 2세대,V60 크로스컨트리 2세대,508 1세대,쿠가,XC60 2세대
160,쏘울 (08~13년),쏘울 부스터 (19년~현재),올 뉴 쏘울 (13~16년),더 뉴 쏘울 (16~19년),포르테 (08~13년),포르테 쿱 (09~13년),I30,스팅어 마이스터 (20년~현재),시빅 10세대,파일럿 3세대,뉴 카렌스 (06~08년)
161,K7 (09~11년),더 뉴 K9 (21년~현재),K8 (21년~현재),K7 하이브리드 (13~16년),오피러스 프리미엄 (09~11년),300C 2세대,LS 5세대,더 프레스티지 K7 (11~12년),LS 4세대,UX,MKS
162,더 뉴 쏘울 (16~19년),올 뉴 쏘울 (13~16년),쏘울 부스터 (19년~현재),쏘울 (08~13년),포르테 쿱 (09~13년),포르테 (08~13년),시빅 10세대,파일럿 3세대,더 뉴 i30,IS 2세대,콰트로포르테  6세대
163,5시리즈 7세대 (17년~현재),5시리즈 6세대 (10~16년),5시리즈 4세대 (95~03년),5시리즈 5세대 (03~10년),4시리즈 1세대 (13~20년),7시리즈 6세대 (16년~현재),X5 3세대 (13~18년),X3 3세대 (17년~현재),X1 2세대 (16년~현재),6시리즈 3세대 (11~18년),머스탱 6세대
164,캡티바,이쿼녹스,트랙스,더 뉴 트랙스,트레일블레이저,콜로라도,올란도,윈스톰,알페온,리얼 뉴 콜로라도,마티즈 크리에이티브
165,티구안 올스페이스 2세대,페이톤,르반떼,레인지로버이보크 1세대,308,투아렉 2세대,C40,디스커버리 4,SLK클래스 3세대,3008 1세대,파사트 GT 8세대
166,뉴 i30,i30 PD,i30,더 뉴 벨로스터,벨로스터 N,벨로스터 JS,아반떼HD,더 뉴 아반떼,더 뉴 아반떼AD,더 뉴 아반떼MD,아반떼 CN7
167,마스터,QM5 네오,미스터,뉴 QM6,뉴 QM5,조에,뉴 SM5,티록,에스컬레이드 4세대,SM7 뉴 아트,MKC
168,쏘나타 뉴 라이즈,쏘나타 DN8,LF쏘나타,YF쏘나타,쏘나타 더 브릴리언트,쏘나타 DN8 하이브리드,NF쏘나타 트랜스폼,LF쏘나타 하이브리드,쏘나타 뉴 라이즈 하이브리드,i40,쏘나타 하이브리드
169,아이오닉5,더 뉴 아이오닉 일렉트릭,베뉴,넥쏘,i30 GD,갤로퍼,니로 EV (18년~현재),EV6 (21년~현재),뉴클릭,더 뉴 아이오닉 하이브리드,볼트EV
170,아반떼MD,더 뉴 아반떼,더 뉴 아반떼AD,아반떼AD,아반떼 CN7,더 뉴 아반떼MD,뉴 i30,아반떼HD,i30,i30 PD,벨로스터 JS
171,제네시스,EQ900,G80,G90,GV80,제네시스DH,GV70,G70,더 올 뉴 G80,더 뉴 G70,제네시스 쿠페
172,더 비틀 3세대,시로코 3세대,C3 에어크로스,2시리즈 그란 쿠페,207,쿠퍼 컨버터블 3세대,C40,500,쿠퍼 클럽맨 1세대,티구안 올스페이스 2세대,i3 (14년~현재)
173,쏠라티,EV6 (21년~현재),DS3,레인저,레인지로버 4세대,글래디에이터,디스커버리 5,EPACE,508 2세대,MKC,CRV 5세대
174,뉴 SM5 (신형),뉴SM5 플래티넘,SM5 노바,SM5 뉴 임프레션,SM5,더 뉴 SM6,SM6,올 뉴 SM7,SM7 뉴 아트,QM5,캡처
175,508 1세대,XC90 2세대,3008 1세대,레인지로버 4세대,V40 2세대,508 2세대,레인지로버이보크 1세대,3008 2세대,V40 크로스컨트리,퓨전 2세대,M클래스 3세대
176,S60 2세대,XF,기블리,A5 2세대,뉴 CC,A6 3세대,Q50,S4,A6 5세대,뉴 XF,A5 1세대
177,쿠퍼 컨버터블 3세대,쿠퍼 클럽맨 1세대,500,C3 에어크로스,208,베르나,2시리즈 그란 쿠페,207,더 뉴 프라이드 (15~17년),더 비틀 3세대,쿠퍼 쿠페
178,티볼리 에어,티볼리 아머,베리 뉴 티볼리,티볼리,뷰티풀 코란도,코란도 투리스모,코란도 스포츠,뉴 코란도,뉴 스타일 코란도,렉스턴 스포츠,렉스턴 스포츠 칸
179,더 뉴 모닝 (15~17년),모닝 어반 (20년~현재),올 뉴 모닝 (11~15년),올 뉴 모닝 (17~20년),뉴모닝 (08~11년),레이 (11~17년),더 뉴 레이 (17년~현재),마티즈 크리에이티브,캐스퍼,더 넥스트 스파크,더 뉴 스파크
180,토러스,MKS,카운티,S클래스 7세대,머스탱 6세대,더 뉴 제네시스 쿠페,S클래스 5세대,A7 1세대,S90 2세대,300C 2세대,6시리즈 3세대 (11~18년)
181,시로코 3세대,더 비틀 3세대,2시리즈 그란 쿠페,207,C3 에어크로스,i3 (14년~현재),C40,SLK클래스 3세대,500,쿠퍼 클럽맨 1세대,파사트 GT 8세대
182,EPACE,Q70,XT5,박스터,CRV 5세대,파일럿 3세대,알티마 5세대,MKC,컨티넨탈 10세대,FPACE,올 뉴 에비에이터
183,S클래스 5세대,S클래스 6세대,CLS클래스 2세대,토러스,S클래스 7세대,CLS클래스 3세대,CLA클래스 1세대,A클래스 4세대,AMG GT,A클래스 3세대,카운티
184,더 뉴 프라이드 (15~17년),쿠퍼 컨버터블 3세대,뉴클릭,500,쿠퍼 클럽맨 1세대,베르나,C3 에어크로스,208,쿠퍼 쿠페,볼트EV,2시리즈 그란 쿠페
185,300C 2세대,LS 4세대,MKS,파나메라 2세대,파나메라 1세대,V90 크로스컨트리,MKZ 2세대,LS 5세대,UX,S90 2세대,카운티
186,QM6,더 뉴 QM6,QM5,캡처,뉴 QM3,QM3,뉴 QM6,XM3,QM5 네오,마스터,뉴SM5 플래티넘
187,더 뉴 아이오닉 하이브리드,아반떼 CN7 하이브리드,더 뉴 아이오닉 일렉트릭,프리우스,LS 5세대,i30 GD,넥쏘,프리우스 4세대,UX,I30,아이오닉5
188,맥스크루즈,베라크루즈,더 뉴 맥스크루즈,크루즈,어메이징 뉴 크루즈,올 뉴 크루즈,더 뉴 벨로스터,뉴 i30,i30 GD,i30 PD,i30
189,더 뉴 벨로스터,뉴 i30,벨로스터 N,i30 PD,i30 GD,아반떼HD,벨로스터 JS,I30,아반떼 CN7 하이브리드,i30,더 뉴 아이오닉 일렉트릭
190,올 뉴 말리부,말리부,더 뉴 말리부,알페온,뉴다마스,콜로라도,임팔라,토스카,마티즈 크리에이티브,라세티 프리미어,스파크
191,Q30,콰트로포르테  6세대,IS 3세대,XE,포르테 쿱 (09~13년),폴로 5세대,A3 3세대,제타 6세대,S클래스 7세대,308,골프 6세대
192,GLC클래스,GLA클래스 1세대,GLE클래스 1세대,C클래스 3세대,CLA클래스 1세대,GLK클래스,CLS클래스 2세대,E클래스 9세대,C클래스 4세대,A클래스 4세대,A클래스 3세대
193,아반떼AD,더 뉴 아반떼AD,아반떼MD,더 뉴 아반떼,아반떼 CN7,더 뉴 아반떼MD,뉴 i30,아반떼HD,i30,i30 PD,벨로스터 JS
194,508 2세대,XJ,CRV 5세대,레인지로버 4세대,어코드 9세대,XC90 2세대,올 뉴 에비에이터,퓨전 2세대,에스컬레이드 4세대,V40 2세대,디스커버리 5
195,G4 렉스턴,렉스턴 스포츠,렉스턴 스포츠 칸,올 뉴 렉스턴,코란도 C,더 뉴 렉스턴 스포츠 칸,렉스턴W,코란도 스포츠,뉴 코란도 C,뉴 코란도,뉴 스타일 코란도
196,레인지로버 스포츠,뉴 레인지로버 스포츠,레인지로버 이보크,마칸,3008 2세대,X4 2세대 (18년~현재),티구안 올스페이스 2세대,508 1세대,디스커버리 5,레인지로버이보크 1세대,V40 크로스컨트리
197,더 뉴 i30,콰트로포르테  6세대,포르테 쿱 (09~13년),폴로 5세대,IS 3세대,시빅 10세대,프리우스 4세대,IS 2세대,308,올 뉴 쏘울 (13~16년),아반떼 CN7 하이브리드
198,올 뉴 모닝 (11~15년),올 뉴 모닝 (17~20년),더 뉴 모닝 (15~17년),모닝 어반 (20년~현재),뉴모닝 (08~11년),캐스퍼,레이 (11~17년),마티즈 크리에이티브,더 뉴 레이 (17년~현재),더 넥스트 스파크,더 뉴 스파크
199,X5 4세대 (19년~현재),X4 2세대 (18년~현재),퓨전 2세대,노틸러스,X6 1세대 (08~14년),X4 1세대 (14~18년),레인저,C40,투아렉 2세대,쿠가,3008 1세대
200,알티마 5세대,S60 3세대,어코드 10세대,QX60,캠리 7세대,박스터,CT6,F타입,EPACE,FPACE,파나메라 1세대
201,뉴 QM5,QM5 네오,미스터,마스터,508 1세대,쏠라티,티록,뉴 QM6,에스컬레이드 4세대,XC90 2세대,레인지로버 4세대
202,NX,MKZ 2세대,UX,XC60 2세대,디스커버리 4,RAV4,르반떼,프리우스,코세어,프리우스 4세대,시빅 10세대
203,MKS,300C 2세대,카운티,MKZ 2세대,LS 4세대,파나메라 1세대,파나메라 2세대,S90 2세대,V90 크로스컨트리,UX,LS 5세대
204,6시리즈 4세대 (18~현재),르반떼,S90 2세대,파나메라 1세대,V90 크로스컨트리,코세어,M3 5세대 (14년~현재),SLK클래스 3세대,타이칸,페이톤,QX60
205,카니발 4세대 (20년~현재),뉴 카니발 R (10~14년),올 뉴 카니발 (14~18년),더 뉴 카니발 (18~20년),그랜드 카니발 (05~10년),스토닉 (17년~현재),스포티지R (10~13년),기아 더 SUV 스포티지,더 뉴 스포티지R (13~16년),뉴 쏘렌토R (12~14년),뉴 스포티지 (04~10년)
206,그랜저IG 하이브리드,더 뉴 그랜저 하이브리드,그랜저HG 하이브리드,더 뉴 그랜저,더 뉴 그랜저IG 하이브리드,그랜저 뉴 럭셔리,더 뉴 그랜저IG,그랜저HG,더 럭셔리 그랜저,그랜저IG,그랜저TG
207,봉고3 (04~19년),더 뉴 봉고3 (19년~현재),마이티,포터2,F150,포터2 일렉트릭,뉴 라보,포터,뉴 카니발 R (10~14년),그랜드 카니발 (05~10년),스토닉 (17년~현재)
208,A6 5세대,A5 2세대,A6 3세대,A6 4세대,Q5 1세대,A5 1세대,XF,S60 2세대,A4 5세대,S4,A3 3세대
209,더 뉴 SM6,뉴 SM5 (신형),SM6,SM5 뉴 임프레션,뉴SM5 플래티넘,SM5 노바,SM5,올 뉴 SM7,SM7 뉴 아트,뉴 SM5,캡처
210,RAV4 5세대,RAV4,올 뉴 에비에이터,프리몬트,에스컬레이드 4세대,어코드 9세대,XC60 2세대,508 2세대,CRV 5세대,MKC,디스커버리 5
211,렉스턴W,더 뉴 렉스턴 스포츠 칸,올 뉴 렉스턴,뉴 코란도 C,코란도 C,더 뉴 코란도 스포츠,G4 렉스턴,뉴 스타일 코란도,더 뉴 렉스턴 스포츠,렉스턴 스포츠,렉스턴 스포츠 칸
212,DS3,레인저,레인지로버 4세대,3008 2세대,디스커버리 5,투아렉 2세대,CRV 5세대,C3 에어크로스,쿠가,Q70,V40 크로스컨트리
213,K5 (10~13년),더 뉴 K5 (18~20년),더 뉴 K5 (13~15년),K5 2세대 (15~18년),K5 (19년~현재),스팅어 (17~20년),K5 하이브리드 (11~15년),K5 하이브리드 (19년~현재),더 뉴 K5 하이브리드 (18~19년),K5 하이브리드 2세대 (15~18년),스팅어 마이스터 (20년~현재)
214,카운티,MKS,300C 2세대,S90 2세대,MKZ 2세대,파나메라 2세대,LS 4세대,파나메라 1세대,V90 크로스컨트리,UX,르반떼
215,Q3 1세대,파사트 GT 8세대,파사트 7세대,A3 3세대,Q5 2세대,Q5 1세대,Q8,308,페이톤,티구안 올스페이스 2세대,뉴 XF
216,프리우스 4세대,프리우스,시빅 10세대,308,UX,NX,IS 2세대,IS 3세대,A8 3세대,LS 5세대,쿠퍼 쿠페
217,쿠퍼 클럽맨 1세대,쿠퍼 컨버터블 3세대,500,207,C3 에어크로스,208,시로코 3세대,더 비틀 3세대,2시리즈 그란 쿠페,더 뉴 프라이드 (15~17년),베르나
218,CC,아테온,파사트 7세대,뉴 CC,파사트 GT 8세대,티구안 1세대,2008,골프 6세대,더 비틀 3세대,Q3 1세대,X4 1세대 (14~18년)
219,제네시스 쿠페,더 뉴 제네시스 쿠페,더 뉴 G70,더 올 뉴 G80,MKS,제네시스DH,300C 2세대,토러스,카운티,K8 (21년~현재),아슬란
220,더 뉴 K9 (21년~현재),K8 (21년~현재),K7 (09~11년),300C 2세대,LS 5세대,MKS,LS 4세대,오피러스 프리미엄 (09~11년),MKZ 2세대,UX,파나메라 2세대
221,스포티지R (10~13년),스포티지 더 볼드 (18년~현재),더 뉴 스포티지R (13~16년),기아 더 SUV 스포티지,스포티지 4세대 (15~18년),스토닉 (17년~현재),뉴 스포티지 (04~10년),그랜드 카니발 (05~10년),모하비 (07~16년),뉴 카니발 R (10~14년),더 뉴 모하비 (16년~19년)
222,더 뉴 아이오닉 일렉트릭,아이오닉5,i30 GD,더 뉴 아이오닉 하이브리드,아반떼 CN7 하이브리드,프리우스 4세대,EV6 (21년~현재),넥쏘,모델 3,시빅 10세대,니로 EV (18년~현재)
223,올 뉴 크루즈,어메이징 뉴 크루즈,크루즈,더 뉴 맥스크루즈,베라크루즈,맥스크루즈,알페온,콜로라도,마티즈 크리에이티브,더 뉴 스파크,더 넥스트 스파크
224,GLB클래스,GLK클래스,B클래스 2세대,CLS클래스 3세대,GLE클래스 1세대,CLS클래스 2세대,AMG GT,르반떼,페이톤,C40,티구안 올스페이스 2세대
225,C40,퓨전 2세대,쿠가,컴패스 2세대,SLK클래스 3세대,V60 크로스컨트리 2세대,노틸러스,코세어,투아렉 2세대,랭글러 3세대,레인지로버이보크 1세대
226,IS 3세대,콰트로포르테  6세대,시빅 10세대,QX60,IS 2세대,프리우스 4세대,CT6,박스터,308,폴로 5세대,SLK클래스 3세대
227,더 뉴 맥스크루즈,맥스크루즈,베라크루즈,크루즈,어메이징 뉴 크루즈,올 뉴 크루즈,윈스톰,더 뉴 벨로스터,이쿼녹스,콜로라도,리얼 뉴 콜로라도
228,머스탱 6세대,6시리즈 3세대 (11~18년),1시리즈 3세대 (20년~현재),X1 2세대 (16년~현재),X3 3세대 (17년~현재),7시리즈 6세대 (16년~현재),M3 5세대 (14년~현재),XE,X6 2세대 (14~19년),i3 (14년~현재),X4 1세대 (14~18년)
229,A클래스 3세대,A클래스 4세대,CLA클래스 1세대,쿠퍼 클럽맨 2세대,GLA클래스 1세대,AMG GT,쿠퍼 2세대,CLS클래스 2세대,GLE클래스 1세대,쿠퍼 컨트리맨 2세대,쿠퍼 컨트리맨 1세대
230,캠리 7세대,S60 3세대,알티마 5세대,CT6,어코드 10세대,XJ,QX60,박스터,A8 3세대,F타입,알티마 6세대
231,폴로 5세대,콰트로포르테  6세대,308,제타 6세대,골프 6세대,포르테 쿱 (09~13년),IS 2세대,IS 3세대,프리우스 4세대,더 뉴 i30,티구안 올스페이스 2세대
232,K5 하이브리드 (11~15년),K5 하이브리드 (19년~현재),K5 하이브리드 2세대 (15~18년),더 뉴 K5 하이브리드 (18~19년),YF소나타 하이브리드,K5 (10~13년),더 뉴 K5 (18~20년),더 뉴 K5 (13~15년),스팅어 (17~20년),캠리,스팅어 마이스터 (20년~현재)
233,포르테 (08~13년),쏘울 (08~13년),쏘울 부스터 (19년~현재),더 뉴 쏘울 (16~19년),올 뉴 쏘울 (13~16년),포르테 쿱 (09~13년),I30,아반떼 CN7 하이브리드,시빅 10세대,EV6 (21년~현재),스팅어 마이스터 (20년~현재)
234,MQ4,뉴 쏘렌토R (12~14년),쏘렌토 4세대 (20년~현재),쏘렌토R (09~12년),올 뉴 쏘렌토 (14~17년),더 뉴 쏘렌토 (17~20년),쏘렌토 4세대 하이브리드 (20년~현재),스토닉 (17년~현재),기아 더 SUV 스포티지,뉴 카니발 R (10~14년),그랜드 카니발 (05~10년)
235,더 뉴 K5 하이브리드 (18~19년),K5 하이브리드 2세대 (15~18년),스팅어 마이스터 (20년~현재),뉴 카렌스 (06~08년),K5 하이브리드 (11~15년),오피러스 프리미엄 (09~11년),올 뉴 카렌스 (13~16년),EV6 (21년~현재),K8 (21년~현재),로체 이노베이션 (08~10년),S60 3세대
236,CLA클래스 1세대,C클래스 3세대,A클래스 4세대,A클래스 3세대,GLA클래스 1세대,AMG GT,C클래스 4세대,CLS클래스 2세대,GLE클래스 1세대,CLS클래스 3세대,B클래스 2세대
237,더 올 뉴 G80,더 뉴 G70,G90,EQ900,GV70,G80,GV80,제네시스DH,G70,제네시스 쿠페,아슬란
238,조에,C3 에어크로스,볼트EV,207,베르나,시로코 3세대,2시리즈 그란 쿠페,마스터,쿠퍼 쿠페,208,i3 (14년~현재)
239,올 뉴 에비에이터,CRV 5세대,RAV4,디스커버리 5,MKC,코세어,508 2세대,3008 1세대,랭글러 4세대,Q70,어코드 9세대
240,C3 에어크로스,208,쿠퍼 컨버터블 3세대,더 비틀 3세대,디스커버리 4,쿠퍼 쿠페,베르나,2시리즈 그란 쿠페,시로코 3세대,DS3,C40
241,포터2,포터2 일렉트릭,포터,마이티,더 뉴 봉고3 (19년~현재),봉고3 (04~19년),F150,뉴 라보,아이오닉5,싼타페 더 스타일,더 뉴 아이오닉 일렉트릭
242,F150,글래디에이터,레인저,볼트EV,쏠라티,EV6 (21년~현재),타이칸,V40 2세대,DS3,페이톤,디스커버리 4
243,쏘렌토 4세대 하이브리드 (20년~현재),쏘렌토 4세대 (20년~현재),MQ4,쏘렌토R (09~12년),뉴 쏘렌토R (12~14년),올 뉴 쏘렌토 (14~17년),더 뉴 쏘렌토 (17~20년),더 뉴 니로 (19년~현재),니로 (16~19년),스토닉 (17년~현재),뉴 카니발 R (10~14년)
244,Q8,퓨전 2세대,Q5 2세대,투아렉 2세대,Q3 1세대,티구안 올스페이스 2세대,C40,XC60 2세대,3008 1세대,508 2세대,레인지로버이보크 1세대
245,베르나,208,C3 에어크로스,뉴클릭,500,쿠퍼 컨버터블 3세대,207,쿠퍼 쿠페,쿠퍼 클럽맨 1세대,더 뉴 프라이드 (15~17년),타이칸
246,SM5 뉴 임프레션,뉴SM5 플래티넘,뉴 SM5 (신형),SM5 노바,더 뉴 SM6,SM5,올 뉴 SM7,SM7 뉴 아트,SM6,뉴 SM5,QM5
247,싼타페,싼타페 더 프라임,싼타페DM,싼타페TM,싼타페CM,더 뉴 싼타페,싼타페 더 스타일,투싼ix,뉴 투싼ix,올 뉴 투싼,디 올 뉴 투싼 하이브리드
248,파나메라 1세대,파나메라 2세대,LS 4세대,어코드 10세대,S90 2세대,Q70,300C 2세대,알티마 5세대,QX60,V60 크로스컨트리 2세대,컨티넨탈 10세대
249,퓨전 2세대,쿠가,C40,V40 2세대,3008 1세대,XJ,노틸러스,투아렉 2세대,XC90 2세대,FPACE,V60 크로스컨트리 2세대
250,5008 2세대,3008 1세대,어코드 9세대,쿠가,XC90 2세대,퓨전 2세대,올 뉴 에비에이터,V60 크로스컨트리 2세대,디스커버리 5,V40 크로스컨트리,코세어
251,액티언,로디우스,마칸,V40 크로스컨트리,CRV 5세대,레인저,컴패스 1세대,3008 2세대,쏠라티,508 1세대,MKC
252,K5 하이브리드 (19년~현재),K5 하이브리드 (11~15년),K5 (10~13년),더 뉴 K5 (18~20년),YF소나타 하이브리드,K5 2세대 (15~18년),K5 하이브리드 2세대 (15~18년),더 뉴 K5 (13~15년),스팅어 (17~20년),K5 (19년~현재),더 뉴 K5 하이브리드 (18~19년)
253,A4 4세대,A4 5세대,A3 3세대,제타,골프 7세대,Q5 1세대,제타 6세대,A6 5세대,3시리즈 5세대 (05~13년),A5 2세대,Q3 1세대
254,골프 6세대,제타 6세대,폴로 5세대,제타,2시리즈 액티브 투어러 1세대 (14년~현재),CC,시로코 3세대,Q3 1세대,파사트 7세대,308,더 비틀 3세대
255,쿠퍼 컨트리맨 2세대,쿠퍼 컨트리맨 1세대,쿠퍼 클럽맨 2세대,쿠퍼 2세대,쿠퍼 클럽맨 1세대,쿠퍼 컨버터블 3세대,500,더 비틀 3세대,2시리즈 그란 쿠페,207,1시리즈 3세대 (20년~현재)
256,볼트EV,208,글래디에이터,C3 에어크로스,DS3,타이칸,EV6 (21년~현재),레인저,MKC,디스커버리 4,레인지로버 4세대
257,X1 1세대 (10~15년),X3 2세대 (11~17년),X4 2세대 (18년~현재),i3 (14년~현재),X4 1세대 (14~18년),시로코 3세대,SLK클래스 3세대,X5 4세대 (19년~현재),X1 2세대 (16년~현재),M3 5세대 (14년~현재),X6 1세대 (08~14년)
258,A8 3세대,QX60,Q70,FPACE,알티마 6세대,CRV 5세대,코세어,EPACE,쿠가,디스커버리 5,XJ
259,더 뉴 니로 (19년~현재),니로 (16~19년),쏘렌토 4세대 하이브리드 (20년~현재),디 올 뉴 투싼 하이브리드,더 뉴 그랜저IG 하이브리드,니로 EV (18년~현재),K7 하이브리드 (13~16년),K7 프리미어 하이브리드 (19~21년),ES 6세대,그랜저HG 하이브리드,올 뉴 K7 하이브리드 (16년~현재)
260,스토닉 (17년~현재),그랜드 카니발 (05~10년),뉴 카니발 R (10~14년),스포티지R (10~13년),뉴 쏘렌토R (12~14년),쏘렌토 4세대 (20년~현재),기아 더 SUV 스포티지,쏘렌토R (09~12년),뉴 스포티지 (04~10년),더 뉴 스포티지R (13~16년),카니발 4세대 (20년~현재)
261,S90 2세대,파나메라 1세대,르반떼,6시리즈 4세대 (18~현재),V90 크로스컨트리,뉴 XF,C40,CT6,파나메라 2세대,CTS,어코드 10세대
262,미스터,마스터,QM5 네오,에스컬레이드 4세대,뉴 QM5,티록,CRV 5세대,XC90 2세대,올 뉴 에비에이터,MKC,508 1세대
263,C클래스 4세대,C클래스 3세대,CLA클래스 1세대,GLA클래스 1세대,GLC클래스,GLE클래스 1세대,A클래스 3세대,A클래스 4세대,골프 7세대,CLS클래스 2세대,E클래스 9세대
264,뉴 QM3,QM3,QM5,캡처,더 뉴 QM6,QM6,QM5 네오,뉴 QM6,마스터,SM5 뉴 임프레션,뉴 QM5
265,제타 6세대,골프 6세대,폴로 5세대,제타,2시리즈 액티브 투어러 1세대 (14년~현재),Q3 1세대,골프 7세대,파사트 7세대,시로코 3세대,콰트로포르테  6세대,A3 3세대
266,올 뉴 쏘렌토 (14~17년),더 뉴 쏘렌토 (17~20년),MQ4,쏘렌토 4세대 (20년~현재),쏘렌토R (09~12년),뉴 쏘렌토R (12~14년),쏘렌토 4세대 하이브리드 (20년~현재),스토닉 (17년~현재),뉴 카니발 R (10~14년),모하비 (07~16년),스포티지R (10~13년)
267,뉴 SM3,SM3 네오,SM5 뉴 임프레션,뉴SM5 플래티넘,뉴 SM5 (신형),더 뉴 SM6,올 뉴 SM7,SM7 뉴 아트,SM5 노바,QM5,SM5
268,B클래스 2세대,CLS클래스 3세대,GLB클래스,AMG GT,GLK클래스,GLA클래스 2세대,S클래스 7세대,CLS클래스 2세대,GLE클래스 2세대,GLE클래스 1세대,CT6
269,티록,CRV 5세대,컴패스 1세대,마칸,레인저,올 뉴 에비에이터,투아렉 2세대,XC90 2세대,3008 1세대,XJ,퓨전 2세대
270,벨로스터,벨로스터 JS,벨로스터 N,i30,i30 PD,뉴 i30,더 뉴 아반떼,아반떼 CN7,더 뉴 아반떼AD,더 뉴 벨로스터,아반떼MD
271,프리우스,UX,LS 5세대,프리우스 4세대,시빅 10세대,NX,MKZ 2세대,파나메라 2세대,캠리 7세대,V90 크로스컨트리,LS 4세대
272,7시리즈 5세대 (08~15년),르반떼,6시리즈 4세대 (18~현재),S90 2세대,6시리즈 3세대 (11~18년),i3 (14년~현재),티구안 올스페이스 2세대,M3 5세대 (14년~현재),C40,X3 2세대 (11~17년),SLK클래스 3세대
273,쿠퍼 3세대,쿠퍼 2세대,쿠퍼 클럽맨 2세대,올 뉴 프라이드 (11~15년),쿠퍼 컨트리맨 1세대,쿠퍼 컨트리맨 2세대,A클래스 4세대,A클래스 3세대,더 뉴 프라이드 (15~17년),500,쿠퍼 클럽맨 1세대
274,트레일블레이저,콜로라도,이쿼녹스,더 뉴 트랙스,트랙스,알페온,캡티바,더 뉴 스파크,더 넥스트 스파크,마티즈 크리에이티브,스파크
275,더 뉴 그랜저IG,그랜저HG,더 뉴 그랜저,그랜저IG,그랜저 뉴 럭셔리,더 럭셔리 그랜저,그랜저IG 하이브리드,더 뉴 그랜저 하이브리드,뉴 에쿠스,아슬란,그랜저TG
276,더 뉴 QM6,QM6,QM5,캡처,뉴 QM3,QM3,뉴SM5 플래티넘,뉴 SM5 (신형),SM5 노바,SM5 뉴 임프레션,뉴 QM6
277,싼타페CM,더 뉴 싼타페,싼타페DM,싼타페 더 프라임,싼타페TM,싼타페 더 스타일,투싼ix,더 뉴 코나,디 올 뉴 투싼,뉴 투싼ix,디 올 뉴 투싼 하이브리드
278,3008 1세대,투아렉 2세대,XC90 2세대,레인지로버이보크 1세대,퓨전 2세대,CRV 5세대,V40 2세대,508 1세대,레인지로버 4세대,쿠가,XC60 2세대
279,뉴 레인지로버 스포츠,레인지로버 스포츠,마칸,3008 2세대,X4 2세대 (18년~현재),508 1세대,투아렉 2세대,레인저,DS3,레인지로버 4세대,디스커버리 5
280,쿠퍼 2세대,쿠퍼 클럽맨 2세대,쿠퍼 컨트리맨 2세대,쿠퍼 컨트리맨 1세대,쿠퍼 3세대,500,쿠퍼 클럽맨 1세대,쿠퍼 컨버터블 3세대,A클래스 4세대,A클래스 3세대,더 뉴 프라이드 (15~17년)
281,뉴클릭,베르나,더 뉴 프라이드 (15~17년),208,쿠퍼 쿠페,볼트EV,쿠퍼 컨버터블 3세대,시빅 10세대,C3 에어크로스,500,프리우스
282,AMG GT,S클래스 7세대,CLS클래스 3세대,B클래스 2세대,CLS클래스 2세대,GLK클래스,GLB클래스,GLE클래스 1세대,GLA클래스 2세대,XE,SLK클래스 3세대
283,뉴 코란도,코란도 투리스모,코란도 스포츠,코란도 C,뉴 스타일 코란도,뉴 코란도 C,뷰티풀 코란도,더 뉴 코란도 스포츠,렉스턴 스포츠 칸,렉스턴 스포츠,더 뉴 렉스턴 스포츠 칸
284,티구안 1세대,티구안 2세대,CC,2008,레인지로버 이보크,레인지로버 스포츠,X6 2세대 (14~19년),X4 1세대 (14~18년),골프 6세대,더 비틀 3세대,아테온
285,X1 2세대 (16년~현재),X3 3세대 (17년~현재),1시리즈 3세대 (20년~현재),X3 2세대 (11~17년),X4 1세대 (14~18년),6시리즈 3세대 (11~18년),X6 2세대 (14~19년),머스탱 6세대,X1 1세대 (10~15년),i3 (14년~현재),M3 5세대 (14년~현재)
286,그랜드 스타렉스,더 뉴 그랜드 스타렉스,스타리아,싼타페 더 스타일,디 올 뉴 투싼 하이브리드,싼타페DM,싼타페CM,i30 GD,i40 살룬,더 뉴 싼타페,싼타페 더 프라임
287,S클래스 7세대,AMG GT,CLS클래스 3세대,B클래스 2세대,GLA클래스 2세대,S90 2세대,CLS클래스 2세대,XE,GLB클래스,GLK클래스,GLE클래스 2세대
288,포터2 일렉트릭,포터2,포터,마이티,더 뉴 봉고3 (19년~현재),F150,봉고3 (04~19년),아이오닉5,더 뉴 아이오닉 일렉트릭,글래디에이터,아이오닉 하이브리드
289,쿠퍼 클럽맨 2세대,쿠퍼 2세대,쿠퍼 컨트리맨 2세대,쿠퍼 컨트리맨 1세대,500,쿠퍼 3세대,쿠퍼 클럽맨 1세대,쿠퍼 컨버터블 3세대,A클래스 4세대,A클래스 3세대,1시리즈 3세대 (20년~현재)
290,YF소나타 하이브리드,NF쏘나타,K5 하이브리드 2세대 (15~18년),ES 6세대,캠리 8세대,캠리,쏘나타 하이브리드,i40 살룬,로체 이노베이션 (08~10년),캠리 7세대,UX
291,모델 3,콰트로포르테  6세대,제타 6세대,폴로 5세대,Q30,더 뉴 i30,포르테 쿱 (09~13년),더 뉴 아이오닉 일렉트릭,2시리즈 액티브 투어러 1세대 (14년~현재),골프 6세대,골프 7세대
292,렉스턴 스포츠,렉스턴 스포츠 칸,G4 렉스턴,올 뉴 렉스턴,더 뉴 렉스턴 스포츠 칸,코란도 C,코란도 스포츠,뉴 코란도,코란도 투리스모,뉴 코란도 C,뉴 스타일 코란도
293,올 뉴 K3 (18~21년),더 뉴 K3 (15~18년),K3 (12~15년),쏘울 부스터 (19년~현재),쏘울 (08~13년),포르테 (08~13년),올 뉴 쏘울 (13~16년),더 뉴 쏘울 (16~19년),포르테 쿱 (09~13년),모델 3,i30 PD
294,코란도 투리스모,뉴 코란도,코란도 스포츠,뷰티풀 코란도,코란도 C,뉴 스타일 코란도,뉴 코란도 C,더 뉴 코란도 스포츠,렉스턴 스포츠 칸,렉스턴 스포츠,더 뉴 렉스턴 스포츠 칸
295,티구안 2세대,티구안 1세대,레인지로버 이보크,CC,디스커버리 스포츠,2008,레인지로버 스포츠,아테온,골프 6세대,X6 2세대 (14~19년),X5 3세대 (13~18년)
296,더 뉴 레이 (17년~현재),레이 (11~17년),모닝 어반 (20년~현재),더 뉴 모닝 (15~17년),뉴모닝 (08~11년),올 뉴 모닝 (11~15년),올 뉴 모닝 (17~20년),셀토스 (19년~현재),마티즈 크리에이티브,캐스퍼,더 넥스트 스파크
297,GV70,GV80,G90,EQ900,G80,더 올 뉴 G80,G70,더 뉴 G70,제네시스,제네시스DH,제네시스 쿠페
298,XF,S60 2세대,A5 2세대,A6 5세대,기블리,A6 3세대,뉴 CC,아테온,뉴 XF,파사트 7세대,파사트 GT 8세대
299,그랜드 카니발 (05~10년),뉴 카니발 R (10~14년),카니발 4세대 (20년~현재),더 뉴 카니발 (18~20년),올 뉴 카니발 (14~18년),스토닉 (17년~현재),기아 더 SUV 스포티지,뉴 스포티지 (04~10년),스포티지R (10~13년),뉴 쏘렌토R (12~14년),모하비 (07~16년)
300,더 뉴 그랜저 하이브리드,그랜저IG 하이브리드,그랜저HG 하이브리드,더 뉴 그랜저IG 하이브리드,더 뉴 그랜저,그랜저 뉴 럭셔리,더 뉴 그랜저IG,더 럭셔리 그랜저,그랜저HG,그랜저IG,그랜저TG
301,A4 5세대,A4 4세대,A3 3세대,A5 2세대,A6 5세대,A6 3세대,Q5 1세대,파사트 7세대,Q3 1세대,제타,제타 6세대
302,X4 1세대 (14~18년),X6 2세대 (14~19년),X3 2세대 (11~17년),X3 3세대 (17년~현재),X4 2세대 (18년~현재),X1 2세대 (16년~현재),X6 1세대 (08~14년),X5 4세대 (19년~현재),X5 3세대 (13~18년),X1 1세대 (10~15년),파사트 GT 8세대
303,더 뉴 쏘렌토 (17~20년),올 뉴 쏘렌토 (14~17년),MQ4,쏘렌토 4세대 (20년~현재),쏘렌토R (09~12년),뉴 쏘렌토R (12~14년),쏘렌토 4세대 하이브리드 (20년~현재),스토닉 (17년~현재),뉴 카니발 R (10~14년),모하비 (07~16년),그랜드 카니발 (05~10년)
304,더 뉴 모하비 (16년~19년),모하비 더 마스터 (19년~현재),모하비 (07~16년),스포티지R (10~13년),스토닉 (17년~현재),기아 더 SUV 스포티지,더 뉴 스포티지R (13~16년),스포티지 더 볼드 (18년~현재),스포티지 4세대 (15~18년),그랜드 카니발 (05~10년),뉴 카니발 R (10~14년)
305,SM7 노바,SM7,올 뉴 SM7,SM7 뉴 아트,더 뉴 SM6,SM5,뉴 SM5 (신형),SM5 뉴 임프레션,뉴SM5 플래티넘,SM5 노바,SM6
306,1시리즈 2세대 (12~19년),4시리즈 1세대 (13~20년),7시리즈 6세대 (16년~현재),1시리즈 3세대 (20년~현재),머스탱 6세대,X3 3세대 (17년~현재),X5 3세대 (13~18년),5시리즈 4세대 (95~03년),X6 2세대 (14~19년),쿠퍼 컨트리맨 1세대,X1 2세대 (16년~현재)
307,6시리즈 3세대 (11~18년),X1 2세대 (16년~현재),머스탱 6세대,X3 3세대 (17년~현재),1시리즈 3세대 (20년~현재),M3 5세대 (14년~현재),7시리즈 6세대 (16년~현재),X3 2세대 (11~17년),7시리즈 5세대 (08~15년),i3 (14년~현재),X6 2세대 (14~19년)
308,캠리,캠리 8세대,ES 6세대,기블리,YF소나타 하이브리드,S60 2세대,A5 1세대,S4,Q50,CTS,K5 하이브리드 2세대 (15~18년)
309,레니게이드,체로키 5세대,익스플로러 5세대,티구안 1세대,2008,티구안 2세대,컴패스 2세대,레인지로버 이보크,랭글러 3세대,디스커버리 스포츠,컴패스 1세대
310,투싼,투싼ix,뉴 투싼ix,싼타페CM,싼타페 더 스타일,올 뉴 투싼,디 올 뉴 투싼 하이브리드,싼타페 더 프라임,더 뉴 싼타페,싼타페DM,싼타페TM
311,207,시로코 3세대,쿠퍼 클럽맨 1세대,쿠퍼 컨버터블 3세대,500,더 비틀 3세대,208,베르나,C3 에어크로스,2시리즈 그란 쿠페,C40
312,Q50,몬데오 4세대,CTS,V40 2세대,뉴 XF,ATS,기블리,CT6,XJ,캠리 7세대,S60 3세대
313,더 뉴 그랜드 스타렉스,그랜드 스타렉스,스타리아,싼타페 더 스타일,디 올 뉴 투싼 하이브리드,i40 살룬,싼타페DM,i30 GD,싼타페CM,더 뉴 싼타페,싼타페 더 프라임
314,CLS클래스 3세대,B클래스 2세대,AMG GT,S클래스 7세대,CLS클래스 2세대,GLB클래스,GLK클래스,GLE클래스 1세대,GLA클래스 2세대,S90 2세대,GLE클래스 2세대
315,임팔라,알페온,콜로라도,마티즈 크리에이티브,라세티 프리미어,토스카,아베오,스파크,더 뉴 스파크,리얼 뉴 콜로라도,더 넥스트 스파크
316,싼타페DM,싼타페 더 프라임,더 뉴 싼타페,싼타페TM,싼타페CM,싼타페 더 스타일,투싼ix,싼타페,뉴 투싼ix,디 올 뉴 투싼 하이브리드,더 뉴 코나
317,더 뉴 K5 (13~15년),K5 (19년~현재),더 뉴 K5 (18~20년),K5 (10~13년),K5 2세대 (15~18년),스팅어 (17~20년),K5 하이브리드 (11~15년),K5 하이브리드 (19년~현재),더 뉴 K5 하이브리드 (18~19년),K5 하이브리드 2세대 (15~18년),스팅어 마이스터 (20년~현재)
318,4시리즈 1세대 (13~20년),7시리즈 6세대 (16년~현재),1시리즈 2세대 (12~19년),5시리즈 4세대 (95~03년),X5 3세대 (13~18년),머스탱 6세대,X3 3세대 (17년~현재),5시리즈 5세대 (03~10년),3시리즈 7세대 (19년~현재),X6 2세대 (14~19년),3시리즈 5세대 (05~13년)
319,I30,아반떼 CN7 하이브리드,시빅 10세대,LS 5세대,넥쏘,i30 GD,프리우스,올 뉴 쏘울 (13~16년),IS 3세대,더 뉴 i30,더 뉴 쏘울 (16~19년)
320,아슬란,뉴 에쿠스,더 뉴 그랜저,제네시스DH,그랜저 뉴 럭셔리,더 뉴 G70,더 뉴 그랜저IG,그랜저TG,제네시스 쿠페,더 올 뉴 G80,더 럭셔리 그랜저
321,CT6,어코드 10세대,QX60,캠리 7세대,알티마 5세대,뉴 XF,S60 3세대,ATS,CTS,쿠가,F타입
322,파사트 7세대,뉴 CC,파사트 GT 8세대,아테온,CC,Q3 1세대,A3 3세대,시로코 3세대,뉴 XF,골프 6세대,A6 3세대
323,스파크,더 뉴 스파크,더 넥스트 스파크,마티즈 크리에이티브,알페온,콜로라도,트레일블레이저,캐스퍼,임팔라,뉴모닝 (08~11년),모닝 어반 (20년~현재)
324,K7 프리미어 (19~21년),더 뉴 K7 (12~16년),올 뉴 K7 (16~19년),더 프레스티지 K7 (11~12년),K7 프리미어 하이브리드 (19~21년),올 뉴 K7 하이브리드 (16년~현재),K9 (12~14년),K7 하이브리드 (13~16년),더 뉴 K9 (14~18년),K7 (09~11년),더 K9 (18년~현재)
325,A6 3세대,A5 1세대,A5 2세대,S4,A6 5세대,Q7 2세대,A3 3세대,뉴 CC,파사트 7세대,Q5 2세대,Q3 1세대
326,아반떼,벨로스터,벨로스터 JS,뉴 i30,i30,i30 PD,벨로스터 N,더 뉴 아반떼AD,더 뉴 아반떼,아반떼MD,아반떼 CN7
327,벨로스터 N,벨로스터 JS,i30 PD,벨로스터,더 뉴 벨로스터,뉴 i30,아반떼HD,더 뉴 아반떼MD,i30,아반떼 CN7,더 뉴 아반떼
328,뉴 카렌스 (06~08년),올 뉴 카렌스 (13~16년),스팅어 마이스터 (20년~현재),쏠라티,더 뉴 카렌스 (16~18년)0,IS 2세대,파일럿 3세대,RAV4,MKC,EV6 (21년~현재),올 뉴 에비에이터
329,쏘나타 하이브리드,LF쏘나타 하이브리드,쏘나타 DN8 하이브리드,쏘나타 뉴 라이즈 하이브리드,쏘나타 더 브릴리언트,YF소나타 하이브리드,NF쏘나타 트랜스폼,i40,NF쏘나타,YF쏘나타,i40 살룬
330,LF쏘나타,쏘나타 DN8,쏘나타 뉴 라이즈,YF쏘나타,쏘나타 더 브릴리언트,NF쏘나타 트랜스폼,쏘나타 DN8 하이브리드,LF쏘나타 하이브리드,i40,쏘나타 뉴 라이즈 하이브리드,쏘나타 하이브리드
331,몬데오 4세대,Q50,V40 2세대,뉴 XF,CTS,ATS,CT6,XJ,퓨전 2세대,QX60,쿠가
332,익스플로러 5세대,체로키 5세대,머스탱 6세대,2008,쿠퍼 컨트리맨 2세대,1시리즈 3세대 (20년~현재),티구안 1세대,X1 2세대 (16년~현재),더 비틀 3세대,X3 3세대 (17년~현재),컴패스 2세대
333,LS 5세대,UX,MKZ 2세대,프리우스,시빅 10세대,300C 2세대,파나메라 2세대,LS 4세대,NX,V90 크로스컨트리,EV6 (21년~현재)
334,스팅어 마이스터 (20년~현재),로체 이노베이션 (08~10년),S60 3세대,랜서,뉴 카렌스 (06~08년),캠리 7세대,XJ,파일럿 3세대,K5 하이브리드 2세대 (15~18년),알티마 5세대,어코드 10세대
335,넥쏘,니로 EV (18년~현재),LS 5세대,갤로퍼,EV6 (21년~현재),시빅 10세대,프리몬트,EPACE,MKC,에스컬레이드 4세대,디스커버리 5
336,제네시스DH,EQ900,G80,G90,더 올 뉴 G80,더 뉴 G70,아슬란,제네시스,뉴 에쿠스,제네시스 쿠페,GV80
337,SM5 노바,뉴SM5 플래티넘,뉴 SM5 (신형),SM5 뉴 임프레션,SM5,더 뉴 SM6,SM6,올 뉴 SM7,QM5,SM7 뉴 아트,뉴 SM5
338,Q5 2세대,Q7 2세대,QX60,뉴 XF,SLK클래스 3세대,쿠가,A8 3세대,CT6,퓨전 2세대,Q50,몬데오 4세대
339,코란도 C,뉴 스타일 코란도,뉴 코란도 C,뉴 코란도,코란도 스포츠,코란도 투리스모,더 뉴 코란도 스포츠,더 뉴 렉스턴 스포츠 칸,뷰티풀 코란도,렉스턴 스포츠,G4 렉스턴
340,더 뉴 G70,더 올 뉴 G80,G90,EQ900,제네시스 쿠페,G80,GV70,G70,제네시스DH,GV80,더 뉴 제네시스 쿠페
341,뉴SM5 플래티넘,SM5 노바,뉴 SM5 (신형),SM5 뉴 임프레션,SM5,더 뉴 SM6,SM6,올 뉴 SM7,SM7 뉴 아트,QM5,캡처
342,벨로스터 JS,벨로스터,벨로스터 N,i30 PD,뉴 i30,i30,더 뉴 벨로스터,아반떼 CN7,더 뉴 아반떼,더 뉴 아반떼AD,더 뉴 아반떼MD
343,NF쏘나타,YF소나타 하이브리드,i40 살룬,NF쏘나타 트랜스폼,로체 이노베이션 (08~10년),K5 하이브리드 2세대 (15~18년),토스카,캠리 8세대,캠리 7세대,쏘나타 하이브리드,ES 6세대
344,i30 GD,더 뉴 아이오닉 일렉트릭,넥쏘,아반떼 CN7 하이브리드,I30,아이오닉5,더 뉴 아이오닉 하이브리드,더 뉴 벨로스터,프리우스 4세대,시빅 10세대,더 뉴 i30
345,더 뉴 코란도 스포츠,뉴 코란도 C,코란도 C,뉴 스타일 코란도,더 뉴 렉스턴 스포츠 칸,뉴 코란도,코란도 투리스모,렉스턴W,뷰티풀 코란도,코란도 스포츠,올 뉴 렉스턴
346,XJ,508 2세대,FPACE,CRV 5세대,퓨전 2세대,어코드 9세대,쿠가,노틸러스,IS 2세대,QX60,V40 2세대
347,그랜저HG 하이브리드,더 뉴 그랜저IG 하이브리드,더 뉴 그랜저 하이브리드,그랜저IG 하이브리드,더 럭셔리 그랜저,그랜저 뉴 럭셔리,더 뉴 그랜저,그랜저TG,더 뉴 아이오닉 하이브리드,더 뉴 그랜저IG,그랜저HG
348,캠리 8세대,ES 6세대,Q50,CTS,캠리,S4,기블리,A5 1세대,UX,뉴 XF,CT6
349,베라크루즈,맥스크루즈,더 뉴 맥스크루즈,크루즈,어메이징 뉴 크루즈,올 뉴 크루즈,더 뉴 벨로스터,뉴 i30,i30 GD,i30 PD,벨로스터 N
350,레인지로버 4세대,디스커버리 5,CRV 5세대,508 2세대,3008 1세대,프리몬트,V40 크로스컨트리,DS3,XC90 2세대,올 뉴 에비에이터,508 1세대
351,S4,A5 1세대,A6 3세대,Q50,Q5 2세대,기블리,Q7 2세대,V36,캠리 8세대,뉴 XF,몬데오 4세대
352,A6 4세대,A6 5세대,A5 2세대,A4 5세대,A6 3세대,Q5 1세대,XF,A4 4세대,S60 2세대,A3 3세대,아테온
353,K5 (19년~현재),더 뉴 K5 (13~15년),더 뉴 K5 (18~20년),K5 2세대 (15~18년),K5 (10~13년),스팅어 (17~20년),K5 하이브리드 (11~15년),K5 하이브리드 (19년~현재),더 뉴 K5 하이브리드 (18~19년),K5 하이브리드 2세대 (15~18년),스팅어 마이스터 (20년~현재)
354,쏘나타 DN8,LF쏘나타,쏘나타 뉴 라이즈,YF쏘나타,쏘나타 더 브릴리언트,쏘나타 DN8 하이브리드,NF쏘나타 트랜스폼,LF쏘나타 하이브리드,i40,쏘나타 뉴 라이즈 하이브리드,쏘나타 하이브리드
355,UX,MKZ 2세대,프리우스,LS 5세대,NX,파나메라 2세대,시빅 10세대,V90 크로스컨트리,프리우스 4세대,LS 4세대,A8 3세대
356,올 뉴 프라이드 (11~15년),쿠퍼 3세대,쿠퍼 2세대,쿠퍼 클럽맨 2세대,더 뉴 프라이드 (15~17년),쿠퍼 컨트리맨 1세대,쿠퍼 컨트리맨 2세대,아베오,500,쿠퍼 컨버터블 3세대,쿠퍼 클럽맨 1세대
357,기블리,Q50,S4,S60 2세대,CTS,V36,몬데오 4세대,뉴 XF,캠리 8세대,A5 1세대,랜서
358,CRV 5세대,올 뉴 에비에이터,디스커버리 5,레인지로버 4세대,XJ,XC90 2세대,3008 1세대,RAV4,508 2세대,Q70,컴패스 1세대
359,올 뉴 K7 하이브리드 (16년~현재),K7 프리미어 하이브리드 (19~21년),더 뉴 K7 (12~16년),더 프레스티지 K7 (11~12년),K7 하이브리드 (13~16년),K7 프리미어 (19~21년),올 뉴 K7 (16~19년),더 뉴 그랜저IG 하이브리드,K7 (09~11년),K9 (12~14년),더 뉴 K9 (14~18년)
360,올 뉴 모닝 (17~20년),올 뉴 모닝 (11~15년),더 뉴 모닝 (15~17년),모닝 어반 (20년~현재),뉴모닝 (08~11년),캐스퍼,마티즈 크리에이티브,레이 (11~17년),더 뉴 레이 (17년~현재),더 넥스트 스파크,더 뉴 스파크
361,뉴 체어맨W,체어맨W,체어맨 W,체어맨 H 뉴 클래식,로디우스,더 뉴 렉스턴 스포츠,액티언,렉스턴W,올 뉴 렉스턴,뉴 스타일 코란도,더 뉴 렉스턴 스포츠 칸
362,F타입,박스터,어코드 10세대,알티마 5세대,XT5,QX60,FPACE,CT6,컨티넨탈 10세대,EPACE,카마로
363,QX60,알티마 6세대,쿠가,CT6,V60 크로스컨트리 2세대,알티마 5세대,노틸러스,FPACE,A8 3세대,박스터,어코드 10세대
364,스포티지 4세대 (15~18년),스포티지 더 볼드 (18년~현재),더 뉴 스포티지R (13~16년),스포티지R (10~13년),기아 더 SUV 스포티지,스토닉 (17년~현재),뉴 스포티지 (04~10년),모하비 (07~16년),뉴 카니발 R (10~14년),그랜드 카니발 (05~10년),더 뉴 모하비 (16년~19년)
365,IS 2세대,XJ,쿠가,508 2세대,QX60,시빅 10세대,308,MKC,어코드 9세대,CRV 5세대,EPACE
366,더 뉴 카렌스 (16~18년)0,올 뉴 카렌스 (13~16년),뉴 카렌스 (06~08년),쏠라티,트래버스,익스프레스,니로 EV (18년~현재),티록,미스터,스팅어 마이스터 (20년~현재),컴패스 1세대
367,YF쏘나타,LF쏘나타,쏘나타 뉴 라이즈,쏘나타 DN8,쏘나타 더 브릴리언트,쏘나타 DN8 하이브리드,LF쏘나타 하이브리드,i40,NF쏘나타 트랜스폼,쏘나타 뉴 라이즈 하이브리드,쏘나타 하이브리드
368,시빅 10세대,EPACE,프리우스 4세대,IS 2세대,EV6 (21년~현재),QX60,프리우스,Q70,알티마 6세대,타이칸,MKC
369,쏘렌토R (09~12년),쏘렌토 4세대 (20년~현재),MQ4,뉴 쏘렌토R (12~14년),올 뉴 쏘렌토 (14~17년),더 뉴 쏘렌토 (17~20년),쏘렌토 4세대 하이브리드 (20년~현재),스토닉 (17년~현재),그랜드 카니발 (05~10년),기아 더 SUV 스포티지,뉴 카니발 R (10~14년)
370,SM7,SM7 노바,올 뉴 SM7,SM7 뉴 아트,SM5,더 뉴 SM6,뉴 SM5 (신형),SM5 뉴 임프레션,뉴SM5 플래티넘,SM5 노바,캡처
371,더 프레스티지 K7 (11~12년),더 뉴 K7 (12~16년),K7 프리미어 (19~21년),올 뉴 K7 (16~19년),K7 프리미어 하이브리드 (19~21년),올 뉴 K7 하이브리드 (16년~현재),K7 하이브리드 (13~16년),K7 (09~11년),K9 (12~14년),더 뉴 K9 (14~18년),더 K9 (18년~현재)
372,아베오,뉴클릭,더 뉴 프라이드 (15~17년),익스프레스,트래버스,카마로,쿠퍼 클럽맨 1세대,볼트EV,208,500,쿠퍼 컨버터블 3세대
373,올 뉴 SM7,SM7 뉴 아트,SM7 노바,SM7,SM5 뉴 임프레션,더 뉴 SM6,뉴 SM5 (신형),뉴SM5 플래티넘,SM5,SM5 노바,뉴 QM6
374,FPACE,XJ,노틸러스,쿠가,XT5,Q70,QX60,퓨전 2세대,V60 크로스컨트리 2세대,어코드 9세대,파일럿 3세대
375,X6 1세대 (08~14년),X4 2세대 (18년~현재),X4 1세대 (14~18년),X5 4세대 (19년~현재),C40,투아렉 2세대,파사트 GT 8세대,티구안 올스페이스 2세대,X6 2세대 (14~19년),퓨전 2세대,X3 2세대 (11~17년)
376,i30 PD,뉴 i30,벨로스터 N,아반떼HD,i30,더 뉴 아반떼MD,더 뉴 벨로스터,벨로스터 JS,아반떼 CN7,더 뉴 아반떼,벨로스터
377,티볼리 아머,티볼리 에어,베리 뉴 티볼리,티볼리,뷰티풀 코란도,코란도 투리스모,코란도 스포츠,뉴 코란도,뉴 스타일 코란도,렉스턴 스포츠,렉스턴 스포츠 칸
378,LF쏘나타 하이브리드,쏘나타 DN8 하이브리드,쏘나타 뉴 라이즈 하이브리드,쏘나타 하이브리드,쏘나타 더 브릴리언트,YF쏘나타,i40,LF쏘나타,쏘나타 뉴 라이즈,NF쏘나타 트랜스폼,쏘나타 DN8
379,콜로라도,이쿼녹스,알페온,마티즈 크리에이티브,윈스톰,트레일블레이저,리얼 뉴 콜로라도,스파크,더 뉴 스파크,더 넥스트 스파크,트래버스
380,렉스턴 스포츠 칸,렉스턴 스포츠,G4 렉스턴,올 뉴 렉스턴,코란도 C,더 뉴 렉스턴 스포츠 칸,코란도 투리스모,코란도 스포츠,뉴 코란도,뉴 코란도 C,뉴 스타일 코란도
381,i3 (14년~현재),2시리즈 그란 쿠페,시로코 3세대,타이칸,1시리즈 3세대 (20년~현재),더 비틀 3세대,X1 1세대 (10~15년),M3 5세대 (14년~현재),C3 에어크로스,SLK클래스 3세대,207
382,올 뉴 카니발 (14~18년),더 뉴 카니발 (18~20년),카니발 4세대 (20년~현재),뉴 카니발 R (10~14년),그랜드 카니발 (05~10년),스토닉 (17년~현재),스포티지R (10~13년),스포티지 4세대 (15~18년),기아 더 SUV 스포티지,뉴 쏘렌토R (12~14년),더 뉴 스포티지R (13~16년)
383,SM6,더 뉴 SM6,SM5,뉴 SM5 (신형),SM5 노바,뉴SM5 플래티넘,SM5 뉴 임프레션,올 뉴 SM7,SM7 노바,뉴 SM5,SM7
384,파나메라 2세대,V90 크로스컨트리,LS 4세대,파나메라 1세대,300C 2세대,Q70,MKZ 2세대,컨티넨탈 10세대,어코드 9세대,UX,A8 3세대
385,XC60 2세대,코세어,RAV4,3008 1세대,디스커버리 4,XC90 2세대,NX,올 뉴 에비에이터,C40,레인지로버이보크 1세대,디스커버리 5
386,디 올 뉴 투싼,투싼ix,디 올 뉴 투싼 하이브리드,뉴 투싼ix,올 뉴 투싼,싼타페 더 스타일,프리몬트,넥쏘,V40 크로스컨트리,니로 EV (18년~현재),레인지로버 스포츠
387,3008 2세대,마칸,레인저,DS3,V40 크로스컨트리,레인지로버 4세대,투아렉 2세대,508 1세대,XC90 2세대,디스커버리 5,뉴 레인지로버 스포츠
388,XE,M3 5세대 (14년~현재),Q7 2세대,뉴 XF,S클래스 7세대,CT6,SLK클래스 3세대,IS 3세대,AMG GT,Q30,B클래스 2세대
389,타이칸,C40,쿠가,208,C3 에어크로스,알티마 6세대,시빅 10세대,M3 5세대 (14년~현재),308,볼트EV,SLK클래스 3세대
390,더 뉴 아반떼,더 뉴 아반떼AD,아반떼MD,아반떼 CN7,아반떼AD,더 뉴 아반떼MD,아반떼HD,i30,뉴 i30,i30 PD,벨로스터 JS
391,투싼ix,뉴 투싼ix,디 올 뉴 투싼,올 뉴 투싼,디 올 뉴 투싼 하이브리드,싼타페 더 스타일,싼타페CM,더 뉴 싼타페,싼타페DM,싼타페 더 프라임,베뉴
392,5시리즈 5세대 (03~10년),5시리즈 4세대 (95~03년),6시리즈 3세대 (11~18년),X3 3세대 (17년~현재),3시리즈 5세대 (05~13년),X1 2세대 (16년~현재),머스탱 6세대,7시리즈 6세대 (16년~현재),X3 2세대 (11~17년),X6 2세대 (14~19년),X5 3세대 (13~18년)
393,더 럭셔리 그랜저,그랜저 뉴 럭셔리,더 뉴 그랜저IG 하이브리드,그랜저TG,그랜저HG 하이브리드,더 뉴 그랜저,더 뉴 그랜저IG,그랜저HG,그랜저IG,더 뉴 그랜저 하이브리드,그랜저IG 하이브리드
394,코나,코나 일렉트릭,더 뉴 코나,코나 N,베뉴,아이오닉5,싼타페CM,싼타페 더 스타일,싼타페TM,투싼ix,넥쏘
395,E클래스 10세대,E클래스 9세대,GLA클래스 1세대,GLE클래스 1세대,CLA클래스 1세대,S클래스 6세대,C클래스 3세대,CLS클래스 2세대,S클래스 5세대,GLC클래스,A클래스 4세대
396,더 뉴 코나,코나 일렉트릭,코나 N,코나,베뉴,아이오닉5,넥쏘,싼타페 더 스타일,니로 EV (18년~현재),갤로퍼,더 뉴 아이오닉 일렉트릭
397,오피러스 프리미엄 (09~11년),LS 4세대,파나메라 2세대,Q70,S60 3세대,EV6 (21년~현재),시빅 10세대,MKC,EPACE,LS 5세대,300C 2세대
398,i40,NF쏘나타 트랜스폼,쏘나타 더 브릴리언트,i40 살룬,LF쏘나타 하이브리드,쏘나타 DN8 하이브리드,YF쏘나타,쏘나타 하이브리드,LF쏘나타,쏘나타 뉴 라이즈 하이브리드,쏘나타 뉴 라이즈
399,셀토스 (19년~현재),스토닉 (17년~현재),레이 (11~17년),더 뉴 레이 (17년~현재),스포티지R (10~13년),스포티지 4세대 (15~18년),더 뉴 스포티지R (13~16년),뉴 카니발 R (10~14년),그랜드 카니발 (05~10년),카니발 4세대 (20년~현재),뉴 스포티지 (04~10년)
400,X5 3세대 (13~18년),X6 2세대 (14~19년),X3 2세대 (11~17년),X4 1세대 (14~18년),X3 3세대 (17년~현재),X1 2세대 (16년~현재),2시리즈 액티브 투어러 1세대 (14년~현재),1시리즈 3세대 (20년~현재),7시리즈 6세대 (16년~현재),X4 2세대 (18년~현재),5시리즈 4세대 (95~03년)
401,더 뉴 K9 (14~18년),K9 (12~14년),더 K9 (18년~현재),더 뉴 K9 (21년~현재),더 프레스티지 K7 (11~12년),K7 (09~11년),더 뉴 K7 (12~16년),K7 하이브리드 (13~16년),K7 프리미어 (19~21년),K8 (21년~현재),올 뉴 K7 (16~19년)
402,르반떼,코세어,페이톤,3008 1세대,V40 크로스컨트리,V60 크로스컨트리 2세대,디스커버리 4,C40,6시리즈 4세대 (18~현재),디스커버리 5,티구안 올스페이스 2세대
403,RAV4,올 뉴 에비에이터,XC60 2세대,CRV 5세대,디스커버리 5,XC90 2세대,Q70,MKC,랭글러 4세대,RAV4 5세대,코세어
404,체로키 5세대,레니게이드,익스플로러 5세대,티구안 1세대,2008,티구안 2세대,레인지로버 이보크,컴패스 2세대,레인지로버 스포츠,디스커버리 스포츠,더 비틀 3세대
405,K7 하이브리드 (13~16년),K7 프리미어 하이브리드 (19~21년),K7 (09~11년),올 뉴 K7 하이브리드 (16년~현재),더 프레스티지 K7 (11~12년),더 뉴 K9 (21년~현재),더 뉴 K7 (12~16년),K8 (21년~현재),더 뉴 그랜저IG 하이브리드,ES 6세대,K7 프리미어 (19~21년)
406,캐스퍼,트래버스,마티즈 크리에이티브,익스프레스,토스카,I30,라세티 프리미어,아베오,스팅어 마이스터 (20년~현재),리얼 뉴 콜로라도,오피러스 프리미엄 (09~11년)
407,X3 3세대 (17년~현재),X6 2세대 (14~19년),X3 2세대 (11~17년),X1 2세대 (16년~현재),X4 1세대 (14~18년),1시리즈 3세대 (20년~현재),6시리즈 3세대 (11~18년),X5 3세대 (13~18년),머스탱 6세대,i3 (14년~현재),7시리즈 6세대 (16년~현재)
408,X3 2세대 (11~17년),X6 2세대 (14~19년),X4 1세대 (14~18년),X3 3세대 (17년~현재),X1 2세대 (16년~현재),X5 3세대 (13~18년),X1 1세대 (10~15년),X4 2세대 (18년~현재),1시리즈 3세대 (20년~현재),i3 (14년~현재),X6 1세대 (08~14년)
409,박스터,F타입,알티마 5세대,QX60,EPACE,FPACE,Q70,어코드 10세대,캠리 7세대,XT5,파일럿 3세대
410,A3 3세대,A4 5세대,Q3 1세대,파사트 7세대,A6 3세대,Q5 1세대,XE,제타 6세대,Q7 2세대,뉴 CC,A5 1세대
411,디스커버리 5,레인지로버 4세대,CRV 5세대,올 뉴 에비에이터,V40 크로스컨트리,RAV4,XC90 2세대,Q70,프리몬트,3008 1세대,디스커버리 4
412,EV6 (21년~현재),MKC,시빅 10세대,EPACE,쏠라티,볼트EV,파나메라 2세대,Q70,글래디에이터,올 뉴 에비에이터,니로 EV (18년~현재)
413,페이톤,르반떼,308,티구안 올스페이스 2세대,투아렉 2세대,레인지로버이보크 1세대,쿠가,파사트 GT 8세대,C40,디스커버리 4,C3 에어크로스
414,아테온,CC,파사트 7세대,뉴 CC,파사트 GT 8세대,Q5 1세대,A5 2세대,2008,Q3 1세대,S60 2세대,XF
415,K7 프리미어 하이브리드 (19~21년),올 뉴 K7 하이브리드 (16년~현재),더 프레스티지 K7 (11~12년),더 뉴 K7 (12~16년),K7 하이브리드 (13~16년),K7 프리미어 (19~21년),올 뉴 K7 (16~19년),K7 (09~11년),더 뉴 K9 (14~18년),K9 (12~14년),더 뉴 니로 (19년~현재)
416,알티마 6세대,QX60,쿠가,V60 크로스컨트리 2세대,FPACE,올 뉴 에비에이터,코세어,어코드 9세대,CRV 5세대,노틸러스,A8 3세대
417,골프 7세대,제타,제타 6세대,골프 6세대,2시리즈 액티브 투어러 1세대 (14년~현재),모델 3,3시리즈 5세대 (05~13년),3시리즈 7세대 (19년~현재),A4 4세대,Q30,A3 3세대
418,3시리즈 7세대 (19년~현재),3시리즈 6세대 (12~18년),3시리즈 5세대 (05~13년),2시리즈 액티브 투어러 1세대 (14년~현재),제타,골프 7세대,4시리즈 1세대 (13~20년),X5 3세대 (13~18년),5시리즈 5세대 (03~10년),7시리즈 6세대 (16년~현재),5시리즈 4세대 (95~03년)
419,에스컬레이드 4세대,MKC,508 2세대,올 뉴 에비에이터,프리몬트,CRV 5세대,RAV4 5세대,랭글러 4세대,XC90 2세대,레인지로버 4세대,어코드 9세대
420,V90 크로스컨트리,파나메라 2세대,MKZ 2세대,LS 4세대,300C 2세대,파나메라 1세대,S90 2세대,6시리즈 4세대 (18~현재),컨티넨탈 10세대,UX,알티마 6세대
421,Q7 2세대,Q5 2세대,CT6,QX60,A8 3세대,A5 1세대,뉴 XF,어코드 10세대,SLK클래스 3세대,쿠가,M3 5세대 (14년~현재)
422,윈스톰,리얼 뉴 콜로라도,익스프레스,트래버스,이쿼녹스,라세티 프리미어,콜로라도,토스카,더 뉴 카렌스 (16~18년)0,컴패스 1세대,쏠라티
423,3시리즈 5세대 (05~13년),2시리즈 액티브 투어러 1세대 (14년~현재),3시리즈 7세대 (19년~현재),X3 3세대 (17년~현재),5시리즈 5세대 (03~10년),1시리즈 3세대 (20년~현재),X1 2세대 (16년~현재),6시리즈 3세대 (11~18년),X3 2세대 (11~17년),제타,제타 6세대
424,MKC,올 뉴 에비에이터,에스컬레이드 4세대,CRV 5세대,Q70,EPACE,EV6 (21년~현재),RAV4,어코드 9세대,508 2세대,레인지로버 4세대
425,K5 2세대 (15~18년),더 뉴 K5 (13~15년),더 뉴 K5 (18~20년),K5 (10~13년),K5 (19년~현재),스팅어 (17~20년),K5 하이브리드 (11~15년),K5 하이브리드 (19년~현재),더 뉴 K5 하이브리드 (18~19년),K5 하이브리드 2세대 (15~18년),뉴다마스
426,CTS,Q50,ATS,어코드 10세대,CT6,몬데오 4세대,S60 3세대,뉴 XF,QX60,V40 2세대,V36
427,S클래스 6세대,S클래스 5세대,CLS클래스 2세대,CLA클래스 1세대,A클래스 4세대,GLA클래스 1세대,A클래스 3세대,토러스,CLS클래스 3세대,E클래스 9세대,C클래스 3세대
428,CLS클래스 2세대,CLS클래스 3세대,GLB클래스,GLE클래스 1세대,B클래스 2세대,AMG GT,S클래스 7세대,GLK클래스,S90 2세대,GLE클래스 2세대,GLA클래스 2세대
429,코세어,XC60 2세대,노틸러스,르반떼,올 뉴 에비에이터,디스커버리 4,C40,V60 크로스컨트리 2세대,알티마 6세대,QX60,쿠가
430,콰트로포르테  6세대,폴로 5세대,IS 3세대,포르테 쿱 (09~13년),더 뉴 i30,Q30,308,IS 2세대,시빅 10세대,프리우스 4세대,타이칸
431,스포티지 더 볼드 (18년~현재),스포티지 4세대 (15~18년),더 뉴 스포티지R (13~16년),스포티지R (10~13년),기아 더 SUV 스포티지,뉴 스포티지 (04~10년),모하비 (07~16년),스토닉 (17년~현재),그랜드 카니발 (05~10년),더 뉴 모하비 (16년~19년),뉴 카니발 R (10~14년)
432,티볼리,티볼리 에어,베리 뉴 티볼리,티볼리 아머,뷰티풀 코란도,코란도 스포츠,코란도 투리스모,뉴 코란도,렉스턴 스포츠,뉴 스타일 코란도,렉스턴 스포츠 칸
433,제타,골프 7세대,제타 6세대,골프 6세대,3시리즈 5세대 (05~13년),2시리즈 액티브 투어러 1세대 (14년~현재),A3 3세대,CC,파사트 7세대,A4 5세대,3시리즈 7세대 (19년~현재)
434,XC90 2세대,3008 1세대,508 1세대,CRV 5세대,퓨전 2세대,레인지로버이보크 1세대,508 2세대,디스커버리 5,V40 2세대,Q70,레인지로버 4세대
435,더 넥스트 스파크,더 뉴 스파크,스파크,마티즈 크리에이티브,알페온,콜로라도,뉴모닝 (08~11년),트레일블레이저,모닝 어반 (20년~현재),임팔라,캐스퍼
436,X4 2세대 (18년~현재),X4 1세대 (14~18년),X5 4세대 (19년~현재),투아렉 2세대,레인저,X6 1세대 (08~14년),레인지로버이보크 1세대,퓨전 2세대,X1 1세대 (10~15년),뉴 레인지로버 스포츠,C40
437,i30,뉴 i30,i30 PD,벨로스터 JS,아반떼 CN7,더 뉴 아반떼,아반떼HD,더 뉴 아반떼MD,벨로스터,더 뉴 아반떼AD,벨로스터 N
438,V40 크로스컨트리,디스커버리 5,레인지로버 4세대,프리몬트,르반떼,3008 1세대,3008 2세대,레인저,XC90 2세대,508 1세대,CRV 5세대
439,5시리즈 4세대 (95~03년),5시리즈 5세대 (03~10년),7시리즈 6세대 (16년~현재),X3 3세대 (17년~현재),X1 2세대 (16년~현재),6시리즈 3세대 (11~18년),머스탱 6세대,X6 2세대 (14~19년),X3 2세대 (11~17년),X5 3세대 (13~18년),3시리즈 5세대 (05~13년)
440,GLE클래스 1세대,GLK클래스,GLB클래스,CLS클래스 2세대,CLS클래스 3세대,B클래스 2세대,AMG GT,S클래스 7세대,C클래스 3세대,뉴 CC,파사트 GT 8세대
441,K8 (21년~현재),더 뉴 K9 (21년~현재),300C 2세대,LS 5세대,오피러스 프리미엄 (09~11년),LS 4세대,MKZ 2세대,파나메라 2세대,UX,MKS,V90 크로스컨트리
442,랭글러 3세대,컴패스 2세대,V60 크로스컨트리 2세대,XT5,C40,QX60,컨티넨탈 10세대,쿠가,FPACE,노틸러스,SLK클래스 3세대
443,더 뉴 그랜저,더 뉴 그랜저IG,그랜저 뉴 럭셔리,그랜저HG,그랜저IG,더 뉴 그랜저 하이브리드,그랜저IG 하이브리드,더 럭셔리 그랜저,뉴 에쿠스,아슬란,그랜저HG 하이브리드
444,SM5,뉴 SM5 (신형),SM5 노바,뉴SM5 플래티넘,SM5 뉴 임프레션,더 뉴 SM6,SM6,올 뉴 SM7,SM7 노바,SM7,캡처
445,더 뉴 K3 (15~18년),올 뉴 K3 (18~21년),K3 (12~15년),쏘울 부스터 (19년~현재),쏘울 (08~13년),포르테 (08~13년),올 뉴 쏘울 (13~16년),더 뉴 쏘울 (16~19년),포르테 쿱 (09~13년),모델 3,Q30
446,트래버스,익스프레스,리얼 뉴 콜로라도,토스카,윈스톰,라세티 프리미어,파일럿 3세대,오피러스 프리미엄 (09~11년),EPACE,FPACE,쏠라티
447,파일럿 3세대,FPACE,CRV 5세대,EPACE,XJ,XT5,올 뉴 에비에이터,박스터,알티마 5세대,QX60,Q70
448,500,쿠퍼 컨버터블 3세대,쿠퍼 클럽맨 1세대,베르나,207,2시리즈 그란 쿠페,C3 에어크로스,208,더 비틀 3세대,시로코 3세대,더 뉴 프라이드 (15~17년)
449,모닝 어반 (20년~현재),더 뉴 모닝 (15~17년),뉴모닝 (08~11년),올 뉴 모닝 (11~15년),올 뉴 모닝 (17~20년),마티즈 크리에이티브,레이 (11~17년),더 뉴 레이 (17년~현재),캐스퍼,더 넥스트 스파크,더 뉴 스파크
450,컴패스 1세대,CRV 5세대,랭글러 4세대,마칸,XT5,올 뉴 에비에이터,레인저,티록,Q70,3008 2세대,FPACE
451,XT5,FPACE,V60 크로스컨트리 2세대,쿠가,EPACE,Q70,CRV 5세대,컨티넨탈 10세대,F타입,랭글러 3세대,QX60
452,뉴 XF,CT6,Q50,몬데오 4세대,V40 2세대,파사트 GT 8세대,CTS,어코드 10세대,쿠가,Q5 2세대,퓨전 2세대
453,올 뉴 투싼,뉴 투싼ix,투싼ix,디 올 뉴 투싼 하이브리드,디 올 뉴 투싼,싼타페CM,싼타페 더 스타일,싼타페 더 프라임,더 뉴 싼타페,싼타페DM,싼타페TM
