모델,가격,갯수,1,2,3,4,5
124,3580,1,-1,-1,-1,-1,-1
1시리즈 2세대 (12~19년),1538,24,4시리즈 1세대 (13~20년),7시리즈 6세대 (16년~현재),1시리즈 3세대 (20년~현재),머스탱 6세대,X3 3세대 (17년~현재)
1시리즈 3세대 (20년~현재),3786,5,X1 2세대 (16년~현재),2시리즈 그란 쿠페,X3 3세대 (17년~현재),머스탱 6세대,i3 (14년~현재)
2008,1003,13,CC,티구안 1세대,더 비틀 3세대,X4 1세대 (14~18년),X6 2세대 (14~19년)
207,547,4,시로코 3세대,쿠퍼 클럽맨 1세대,쿠퍼 컨버터블 3세대,500,더 비틀 3세대
208,936,3,C3 에어크로스,베르나,쿠퍼 컨버터블 3세대,쿠퍼 쿠페,볼트EV
2시리즈 1세대 (13~16년),1810,2,-1,-1,-1,-1,-1
2시리즈 그란 쿠페,4496,3,시로코 3세대,더 비틀 3세대,i3 (14년~현재),C3 에어크로스,쿠퍼 컨버터블 3세대
2시리즈 액티브 투어러 1세대 (14년~현재),2118,8,3시리즈 5세대 (05~13년),제타 6세대,골프 6세대,X1 1세대 (10~15년),X3 2세대 (11~17년)
3008 1세대,664,5,투아렉 2세대,XC90 2세대,레인지로버이보크 1세대,퓨전 2세대,CRV 5세대
3008 2세대,2780,6,마칸,레인저,DS3,V40 크로스컨트리,레인지로버 4세대
300C 1세대,794,2,-1,-1,-1,-1,-1
300C 2세대,1197,7,LS 4세대,MKS,파나메라 2세대,파나메라 1세대,V90 크로스컨트리
308,1105,4,페이톤,쿠가,르반떼,폴로 5세대,IS 2세대
3시리즈 4세대 (97~06년),299,1,-1,-1,-1,-1,-1
3시리즈 5세대 (05~13년),551,5,2시리즈 액티브 투어러 1세대 (14년~현재),3시리즈 7세대 (19년~현재),X3 3세대 (17년~현재),5시리즈 5세대 (03~10년),1시리즈 3세대 (20년~현재)
3시리즈 6세대 (12~18년),2405,93,3시리즈 7세대 (19년~현재),3시리즈 5세대 (05~13년),2시리즈 액티브 투어러 1세대 (14년~현재),골프 7세대,제타
3시리즈 7세대 (19년~현재),4113,16,3시리즈 6세대 (12~18년),3시리즈 5세대 (05~13년),2시리즈 액티브 투어러 1세대 (14년~현재),제타,골프 7세대
4시리즈 1세대 (13~20년),2627,46,7시리즈 6세대 (16년~현재),1시리즈 2세대 (12~19년),5시리즈 4세대 (95~03년),X5 3세대 (13~18년),머스탱 6세대
500,1337,4,쿠퍼 컨버터블 3세대,쿠퍼 클럽맨 1세대,베르나,207,2시리즈 그란 쿠페
5008 2세대,2820,3,3008 1세대,어코드 9세대,쿠가,XC90 2세대,퓨전 2세대
500X,1534,2,-1,-1,-1,-1,-1
508 1세대,853,6,XC90 2세대,3008 1세대,레인지로버 4세대,V40 2세대,508 2세대
508 2세대,2402,4,XJ,CRV 5세대,레인지로버 4세대,어코드 9세대,XC90 2세대
5시리즈 4세대 (95~03년),408,6,5시리즈 5세대 (03~10년),7시리즈 6세대 (16년~현재),X3 3세대 (17년~현재),X1 2세대 (16년~현재),6시리즈 3세대 (11~18년)
5시리즈 5세대 (03~10년),554,5,5시리즈 4세대 (95~03년),6시리즈 3세대 (11~18년),X3 3세대 (17년~현재),3시리즈 5세대 (05~13년),X1 2세대 (16년~현재)
5시리즈 6세대 (10~16년),2282,103,5시리즈 7세대 (17년~현재),5시리즈 4세대 (95~03년),5시리즈 5세대 (03~10년),4시리즈 1세대 (13~20년),7시리즈 6세대 (16년~현재)
5시리즈 7세대 (17년~현재),4531,90,5시리즈 6세대 (10~16년),5시리즈 4세대 (95~03년),5시리즈 5세대 (03~10년),4시리즈 1세대 (13~20년),7시리즈 6세대 (16년~현재)
6시리즈 2세대 (03~10년),850,1,-1,-1,-1,-1,-1
6시리즈 3세대 (11~18년),3394,9,X1 2세대 (16년~현재),머스탱 6세대,X3 3세대 (17년~현재),1시리즈 3세대 (20년~현재),M3 5세대 (14년~현재)
6시리즈 4세대 (18~현재),6490,3,르반떼,S90 2세대,파나메라 1세대,V90 크로스컨트리,코세어
7시리즈 3세대 (94~01년),590,1,-1,-1,-1,-1,-1
7시리즈 4세대 (02~09년),580,1,-1,-1,-1,-1,-1
7시리즈 5세대 (08~15년),2321,5,르반떼,6시리즈 4세대 (18~현재),S90 2세대,6시리즈 3세대 (11~18년),i3 (14년~현재)
7시리즈 6세대 (16년~현재),6292,13,6시리즈 3세대 (11~18년),머스탱 6세대,X3 3세대 (17년~현재),5시리즈 4세대 (95~03년),4시리즈 1세대 (13~20년)
86,2690,1,-1,-1,-1,-1,-1
A1,1180,1,-1,-1,-1,-1,-1
A3 3세대,1666,11,A4 5세대,Q3 1세대,파사트 7세대,A6 3세대,Q5 1세대
A4 3세대,300,1,-1,-1,-1,-1,-1
A4 4세대,1139,29,A4 5세대,A3 3세대,제타,골프 7세대,Q5 1세대
A4 5세대,3034,13,A4 4세대,A3 3세대,A5 2세대,A6 5세대,A6 3세대
A5 1세대,1544,5,S4,A6 3세대,Q7 2세대,Q5 2세대,캠리 8세대
A5 2세대,2188,13,A6 5세대,A6 3세대,S60 2세대,A5 1세대,XF
A6 3세대,555,4,A5 1세대,A5 2세대,S4,A6 5세대,Q7 2세대
A6 4세대,2205,71,A6 5세대,A5 2세대,A4 5세대,A6 3세대,Q5 1세대
A6 5세대,5308,9,A5 2세대,A6 3세대,A6 4세대,Q5 1세대,A5 1세대
A7 1세대,2843,27,토러스,A5 2세대,A6 3세대,A4 5세대,머스탱 6세대
A7 2세대,7930,2,-1,-1,-1,-1,-1
A8 2세대,540,1,-1,-1,-1,-1,-1
A8 3세대,1763,3,QX60,Q70,FPACE,알티마 6세대,CRV 5세대
A8 4세대,9465,2,-1,-1,-1,-1,-1
AMG GT,20052,3,S클래스 7세대,CLS클래스 3세대,B클래스 2세대,CLS클래스 2세대,GLK클래스
ATS,1687,2,CTS,CT6,QX60,쿠가,Q50
All New 마티즈,180,1,-1,-1,-1,-1,-1
A클래스 3세대,2045,14,A클래스 4세대,CLA클래스 1세대,쿠퍼 클럽맨 2세대,GLA클래스 1세대,AMG GT
A클래스 4세대,4201,15,A클래스 3세대,CLA클래스 1세대,쿠퍼 클럽맨 2세대,GLA클래스 1세대,AMG GT
B클래스 1세대,510,2,-1,-1,-1,-1,-1
B클래스 2세대,2126,5,CLS클래스 3세대,GLB클래스,AMG GT,GLK클래스,GLA클래스 2세대
C3 에어크로스,1902,4,208,쿠퍼 컨버터블 3세대,더 비틀 3세대,디스커버리 4,쿠퍼 쿠페
C30,570,1,-1,-1,-1,-1,-1
C4 칵투스,1280,1,-1,-1,-1,-1,-1
C40,4260,5,퓨전 2세대,쿠가,컴패스 2세대,SLK클래스 3세대,V60 크로스컨트리 2세대
C5 에어크로스,2820,2,-1,-1,-1,-1,-1
CC,610,2,아테온,파사트 7세대,뉴 CC,파사트 GT 8세대,티구안 1세대
CK,239,2,-1,-1,-1,-1,-1
CLA클래스 1세대,2803,22,C클래스 3세대,A클래스 4세대,A클래스 3세대,GLA클래스 1세대,AMG GT
CLA클래스 2세대,4965,2,-1,-1,-1,-1,-1
CLS클래스 2세대,3482,10,CLS클래스 3세대,GLB클래스,GLE클래스 1세대,B클래스 2세대,AMG GT
CLS클래스 3세대,7143,5,B클래스 2세대,AMG GT,S클래스 7세대,CLS클래스 2세대,GLB클래스
CRV 3세대,845,2,-1,-1,-1,-1,-1
CRV 4세대,1810,2,-1,-1,-1,-1,-1
CRV 5세대,3170,6,올 뉴 에비에이터,디스커버리 5,레인지로버 4세대,XJ,XC90 2세대
CT,3215,1,-1,-1,-1,-1,-1
CT6,3386,3,어코드 10세대,QX60,캠리 7세대,알티마 5세대,뉴 XF
CTS,1914,4,Q50,ATS,어코드 10세대,CT6,몬데오 4세대
C클래스 3세대,1138,13,CLA클래스 1세대,C클래스 4세대,GLE클래스 1세대,GLA클래스 1세대,CLS클래스 2세대
C클래스 4세대,3289,72,C클래스 3세대,CLA클래스 1세대,GLA클래스 1세대,GLC클래스,GLE클래스 1세대
DS3,624,2,레인저,레인지로버 4세대,3008 2세대,디스커버리 5,투아렉 2세대
DS4,690,1,-1,-1,-1,-1,-1
DS5,820,1,-1,-1,-1,-1,-1
DS7 크로스백,3650,1,-1,-1,-1,-1,-1
EF쏘나타,390,1,-1,-1,-1,-1,-1
EPACE,3290,2,Q70,XT5,박스터,CRV 5세대,파일럿 3세대
EQ900,3283,133,G90,G80,더 올 뉴 G80,G70,GV80
EQC,7050,1,-1,-1,-1,-1,-1
ES 5세대,929,1,-1,-1,-1,-1,-1
ES 6세대,2791,10,캠리 8세대,UX,프리우스,MKZ 2세대,LS 5세대
ES 7세대,5155,2,-1,-1,-1,-1,-1
EV6 (21년~현재),5606,3,MKC,시빅 10세대,EPACE,쏠라티,볼트EV
EX,530,1,-1,-1,-1,-1,-1
E클래스 10세대,4809,124,E클래스 9세대,GLA클래스 1세대,GLE클래스 1세대,CLA클래스 1세대,S클래스 6세대
E클래스 7세대,5240,1,-1,-1,-1,-1,-1
E클래스 8세대,690,1,-1,-1,-1,-1,-1
E클래스 9세대,1877,50,E클래스 10세대,GLA클래스 1세대,GLE클래스 1세대,C클래스 3세대,CLA클래스 1세대
F150,4536,5,글래디에이터,레인저,볼트EV,쏠라티,EV6 (21년~현재)
FPACE,4104,5,XJ,노틸러스,쿠가,XT5,Q70
FX,530,1,-1,-1,-1,-1,-1
F타입,4771,3,박스터,어코드 10세대,알티마 5세대,XT5,QX60
G37,890,1,-1,-1,-1,-1,-1
G4 렉스턴,2607,50,렉스턴 스포츠,렉스턴 스포츠 칸,올 뉴 렉스턴,코란도 C,더 뉴 렉스턴 스포츠 칸
G70,2664,116,EQ900,G80,G90,GV80,GV70
G80,2989,296,EQ900,G90,GV80,GV70,G70
G90,4888,75,EQ900,더 올 뉴 G80,G80,더 뉴 G70,GV70
GLA클래스 1세대,3075,33,GLC클래스,A클래스 4세대,CLA클래스 1세대,A클래스 3세대,GLE클래스 1세대
GLA클래스 2세대,4910,3,GLE클래스 2세대,CT6,B클래스 2세대,어코드 10세대,알티마 5세대
GLB클래스,5746,3,GLK클래스,B클래스 2세대,CLS클래스 3세대,GLE클래스 1세대,CLS클래스 2세대
GLC클래스,5264,20,GLA클래스 1세대,GLE클래스 1세대,C클래스 3세대,CLA클래스 1세대,GLK클래스
GLE클래스 1세대,4762,9,GLK클래스,GLB클래스,CLS클래스 2세대,CLS클래스 3세대,B클래스 2세대
GLE클래스 2세대,10116,4,GLA클래스 2세대,CT6,QX60,어코드 9세대,ATS
GLK클래스,1688,4,GLB클래스,GLE클래스 1세대,CLS클래스 3세대,B클래스 2세대,AMG GT
GLS클래스 2세대,6424,2,-1,-1,-1,-1,-1
GS 4세대,1960,1,-1,-1,-1,-1,-1
GV60,7385,2,-1,-1,-1,-1,-1
GV70,4058,37,GV80,G90,EQ900,G80,더 올 뉴 G80
GV80,3287,55,GV70,G90,G80,EQ900,G70
G클래스 2세대,7900,1,-1,-1,-1,-1,-1
H2,5400,1,-1,-1,-1,-1,-1
HRV,1299,1,-1,-1,-1,-1,-1
I30,467,5,아반떼 CN7 하이브리드,시빅 10세대,LS 5세대,넥쏘,i30 GD
IS 2세대,643,3,XJ,쿠가,508 2세대,QX60,시빅 10세대
IS 3세대,2372,3,콰트로포르테  6세대,시빅 10세대,QX60,IS 2세대,프리우스 4세대
K3 (12~15년),912,76,올 뉴 K3 (18~21년),더 뉴 K3 (15~18년),쏘울 부스터 (19년~현재),쏘울 (08~13년),포르테 (08~13년)
K3 쿱 (13~16년),975,2,-1,-1,-1,-1,-1
K5 (10~13년),732,59,더 뉴 K5 (18~20년),더 뉴 K5 (13~15년),K5 2세대 (15~18년),K5 (19년~현재),스팅어 (17~20년)
K5 (19년~현재),2327,114,더 뉴 K5 (13~15년),더 뉴 K5 (18~20년),K5 2세대 (15~18년),K5 (10~13년),스팅어 (17~20년)
K5 2세대 (15~18년),1182,118,더 뉴 K5 (13~15년),더 뉴 K5 (18~20년),K5 (10~13년),K5 (19년~현재),스팅어 (17~20년)
K5 하이브리드 (11~15년),985,12,K5 하이브리드 (19년~현재),K5 하이브리드 2세대 (15~18년),더 뉴 K5 하이브리드 (18~19년),YF소나타 하이브리드,K5 (10~13년)
K5 하이브리드 (19년~현재),3232,17,K5 하이브리드 (11~15년),K5 (10~13년),더 뉴 K5 (18~20년),YF소나타 하이브리드,K5 2세대 (15~18년)
K5 하이브리드 2세대 (15~18년),1873,3,스팅어 마이스터 (20년~현재),로체 이노베이션 (08~10년),캠리 8세대,ES 6세대,YF소나타 하이브리드
K7 (09~11년),586,6,더 뉴 K9 (21년~현재),K8 (21년~현재),K7 하이브리드 (13~16년),오피러스 프리미엄 (09~11년),300C 2세대
K7 프리미어 (19~21년),1922,80,더 뉴 K7 (12~16년),올 뉴 K7 (16~19년),더 프레스티지 K7 (11~12년),K7 프리미어 하이브리드 (19~21년),올 뉴 K7 하이브리드 (16년~현재)
K7 프리미어 하이브리드 (19~21년),2762,23,올 뉴 K7 하이브리드 (16년~현재),더 프레스티지 K7 (11~12년),더 뉴 K7 (12~16년),K7 하이브리드 (13~16년),K7 프리미어 (19~21년)
K7 하이브리드 (13~16년),1178,6,K7 프리미어 하이브리드 (19~21년),K7 (09~11년),올 뉴 K7 하이브리드 (16년~현재),더 프레스티지 K7 (11~12년),더 뉴 K9 (21년~현재)
K8 (21년~현재),3774,5,더 뉴 K9 (21년~현재),300C 2세대,LS 5세대,오피러스 프리미엄 (09~11년),LS 4세대
K8 하이브리드 (21년~현재),4550,1,-1,-1,-1,-1,-1
K9 (12~14년),1644,27,더 뉴 K9 (14~18년),더 K9 (18년~현재),더 뉴 K7 (12~16년),더 프레스티지 K7 (11~12년),K7 프리미어 (19~21년)
LF쏘나타,1242,112,쏘나타 DN8,쏘나타 뉴 라이즈,YF쏘나타,쏘나타 더 브릴리언트,NF쏘나타 트랜스폼
LF쏘나타 하이브리드,1542,16,쏘나타 DN8 하이브리드,쏘나타 뉴 라이즈 하이브리드,쏘나타 하이브리드,쏘나타 더 브릴리언트,YF쏘나타
LS 4세대,3051,3,파나메라 2세대,300C 2세대,파나메라 1세대,V90 크로스컨트리,Q70
LS 5세대,7078,5,UX,MKZ 2세대,프리우스,시빅 10세대,300C 2세대
M2 (16년~현재),7200,1,-1,-1,-1,-1,-1
M3 5세대 (14년~현재),5686,3,타이칸,6시리즈 4세대 (18~현재),SLK클래스 3세대,CT6,XE
M4 1세대 (14년~현재),4650,1,-1,-1,-1,-1,-1
M5 5세대 (12~17년),5190,1,-1,-1,-1,-1,-1
M5 6세대 (18년~현재),11900,1,-1,-1,-1,-1,-1
M6 2세대 (05~10년),4390,1,-1,-1,-1,-1,-1
MKC,2185,2,올 뉴 에비에이터,에스컬레이드 4세대,CRV 5세대,Q70,EPACE
MKS,856,8,300C 2세대,카운티,MKZ 2세대,LS 4세대,파나메라 1세대
MKX 1세대,860,2,-1,-1,-1,-1,-1
MKX 2세대,2125,2,-1,-1,-1,-1,-1
MKZ 2세대,1765,7,UX,NX,LS 5세대,V90 크로스컨트리,파나메라 2세대
MQ4,1257,59,뉴 쏘렌토R (12~14년),쏘렌토 4세대 (20년~현재),쏘렌토R (09~12년),올 뉴 쏘렌토 (14~17년),더 뉴 쏘렌토 (17~20년)
M클래스 2세대,1025,2,-1,-1,-1,-1,-1
M클래스 3세대,3470,3,3008 1세대,XC90 2세대,레인지로버이보크 1세대,508 1세대,디스커버리 5
NF쏘나타,288,5,YF소나타 하이브리드,i40 살룬,NF쏘나타 트랜스폼,로체 이노베이션 (08~10년),K5 하이브리드 2세대 (15~18년)
NF쏘나타 트랜스폼,445,11,쏘나타 더 브릴리언트,i40,i40 살룬,NF쏘나타,LF쏘나타
NX,4510,3,MKZ 2세대,UX,XC60 2세대,디스커버리 4,RAV4
Q3 1세대,1712,7,파사트 GT 8세대,파사트 7세대,A3 3세대,Q5 2세대,Q5 1세대
Q3 2세대,4400,1,-1,-1,-1,-1,-1
Q30,2185,8,콰트로포르테  6세대,IS 3세대,XE,포르테 쿱 (09~13년),폴로 5세대
Q5 1세대,1738,13,Q3 1세대,Q8,A3 3세대,파사트 7세대,뉴 CC
Q5 2세대,6423,3,Q7 2세대,QX60,뉴 XF,SLK클래스 3세대,쿠가
Q50,1340,4,몬데오 4세대,CTS,V40 2세대,뉴 XF,ATS
Q7 1세대,2090,1,-1,-1,-1,-1,-1
Q7 2세대,5374,5,Q5 2세대,CT6,QX60,A8 3세대,A5 1세대
Q70,1865,4,EPACE,FPACE,CRV 5세대,XC90 2세대,A8 3세대
Q8,9220,2,퓨전 2세대,Q5 2세대,투아렉 2세대,Q3 1세대,티구안 올스페이스 2세대
QM3,930,49,뉴 QM3,QM5,캡처,더 뉴 QM6,QM6
QM5,361,10,캡처,뉴 QM3,더 뉴 QM6,QM3,QM5 네오
QM5 네오,1050,8,마스터,뉴 QM6,뉴 QM5,미스터,뉴 SM5
QM6,1767,105,더 뉴 QM6,QM5,캡처,뉴 QM3,QM3
QX60,2140,2,알티마 6세대,쿠가,CT6,V60 크로스컨트리 2세대,알티마 5세대
QX7,2150,1,-1,-1,-1,-1,-1
RAV4,2700,1,올 뉴 에비에이터,XC60 2세대,CRV 5세대,디스커버리 5,XC90 2세대
RAV4 4세대,1990,1,-1,-1,-1,-1,-1
RAV4 5세대,3016,3,RAV4,올 뉴 에비에이터,프리몬트,에스컬레이드 4세대,어코드 9세대
RS5,4090,1,-1,-1,-1,-1,-1
RX 4세대,5650,2,-1,-1,-1,-1,-1
S4,1275,2,A5 1세대,A6 3세대,Q50,Q5 2세대,기블리
S40 1세대,300,1,-1,-1,-1,-1,-1
S60 2세대,1878,18,XF,기블리,A5 2세대,뉴 CC,A6 3세대
S60 3세대,4250,3,알티마 5세대,어코드 10세대,캠리 7세대,CT6,CTS
S7,3650,1,-1,-1,-1,-1,-1
S80 2세대,1135,2,-1,-1,-1,-1,-1
S90 2세대,4582,9,파나메라 1세대,르반떼,6시리즈 4세대 (18~현재),V90 크로스컨트리,뉴 XF
SLK클래스 3세대,2233,3,C40,QX60,노틸러스,V60 크로스컨트리 2세대,Q5 2세대
SM3 네오,790,75,뉴 SM3,뉴SM5 플래티넘,SM5 뉴 임프레션,더 뉴 SM6,뉴 SM5 (신형)
SM3 뉴 제너레이션,300,2,-1,-1,-1,-1,-1
SM5,110,1,뉴 SM5 (신형),SM5 노바,뉴SM5 플래티넘,SM5 뉴 임프레션,더 뉴 SM6
SM5 노바,950,67,뉴SM5 플래티넘,뉴 SM5 (신형),SM5 뉴 임프레션,SM5,더 뉴 SM6
SM5 뉴 임프레션,335,14,뉴SM5 플래티넘,뉴 SM5 (신형),SM5 노바,더 뉴 SM6,SM5
SM6,1325,217,더 뉴 SM6,SM5,뉴 SM5 (신형),SM5 노바,뉴SM5 플래티넘
SM7,260,1,SM7 노바,올 뉴 SM7,SM7 뉴 아트,SM5,더 뉴 SM6
SM7 노바,1200,51,SM7,올 뉴 SM7,SM7 뉴 아트,더 뉴 SM6,SM5
SM7 뉴 아트,387,10,올 뉴 SM7,뉴 SM5,뉴 QM6,마스터,QM5 네오
SRX,880,1,-1,-1,-1,-1,-1
S클래스 5세대,1518,14,S클래스 6세대,CLS클래스 2세대,토러스,S클래스 7세대,CLS클래스 3세대
S클래스 6세대,7290,31,S클래스 5세대,CLS클래스 2세대,CLA클래스 1세대,A클래스 4세대,GLA클래스 1세대
S클래스 7세대,21650,3,AMG GT,CLS클래스 3세대,B클래스 2세대,GLA클래스 2세대,S90 2세대
TT 1세대,790,1,-1,-1,-1,-1,-1
TT 2세대,949,1,-1,-1,-1,-1,-1
UX,3726,3,MKZ 2세대,프리우스,LS 5세대,NX,파나메라 2세대
V36,695,9,랜서,CTS,CT6,Q50,어코드 10세대
V40 2세대,1682,4,몬데오 4세대,퓨전 2세대,3008 1세대,Q50,XC90 2세대
V40 크로스컨트리,2406,3,디스커버리 5,레인지로버 4세대,프리몬트,르반떼,3008 1세대
V50,550,1,-1,-1,-1,-1,-1
V60 1세대,2550,1,-1,-1,-1,-1,-1
V60 크로스컨트리 1세대,2345,2,-1,-1,-1,-1,-1
V60 크로스컨트리 2세대,5030,3,쿠가,QX60,노틸러스,XT5,C40
V90 크로스컨트리,4526,3,파나메라 2세대,MKZ 2세대,LS 4세대,300C 2세대,파나메라 1세대
V클래스 3세대,5650,1,-1,-1,-1,-1,-1
X1 1세대 (10~15년),926,3,X3 2세대 (11~17년),X4 2세대 (18년~현재),i3 (14년~현재),X4 1세대 (14~18년),시로코 3세대
X1 2세대 (16년~현재),3180,7,X3 3세대 (17년~현재),1시리즈 3세대 (20년~현재),X3 2세대 (11~17년),X4 1세대 (14~18년),6시리즈 3세대 (11~18년)
X2 (18년~현재),4150,1,-1,-1,-1,-1,-1
X3 1세대 (04~10년),2360,1,-1,-1,-1,-1,-1
X3 2세대 (11~17년),2267,9,X6 2세대 (14~19년),X4 1세대 (14~18년),X3 3세대 (17년~현재),X1 2세대 (16년~현재),X5 3세대 (13~18년)
X3 3세대 (17년~현재),4351,6,X6 2세대 (14~19년),X3 2세대 (11~17년),X1 2세대 (16년~현재),X4 1세대 (14~18년),1시리즈 3세대 (20년~현재)
X4 1세대 (14~18년),3035,7,X6 2세대 (14~19년),X3 2세대 (11~17년),X3 3세대 (17년~현재),X4 2세대 (18년~현재),X1 2세대 (16년~현재)
X4 2세대 (18년~현재),6018,5,X4 1세대 (14~18년),X5 4세대 (19년~현재),투아렉 2세대,레인저,X6 1세대 (08~14년)
X5 3세대 (13~18년),4705,12,X6 2세대 (14~19년),X3 2세대 (11~17년),X4 1세대 (14~18년),X3 3세대 (17년~현재),X1 2세대 (16년~현재)
X5 4세대 (19년~현재),8480,4,X4 2세대 (18년~현재),퓨전 2세대,노틸러스,X6 1세대 (08~14년),X4 1세대 (14~18년)
X6 1세대 (08~14년),2696,3,X4 2세대 (18년~현재),X4 1세대 (14~18년),X5 4세대 (19년~현재),C40,투아렉 2세대
X6 2세대 (14~19년),5287,10,X4 1세대 (14~18년),X3 2세대 (11~17년),X3 3세대 (17년~현재),X5 3세대 (13~18년),X1 2세대 (16년~현재)
X6 3세대 (20년~현재),7000,2,-1,-1,-1,-1,-1
X7 (19년~현재),11628,2,-1,-1,-1,-1,-1
XC60 1세대,1665,2,-1,-1,-1,-1,-1
XC60 2세대,6331,5,코세어,RAV4,3008 1세대,디스커버리 4,XC90 2세대
XC90 1세대,690,1,-1,-1,-1,-1,-1
XC90 2세대,6182,8,3008 1세대,508 1세대,CRV 5세대,퓨전 2세대,레인지로버이보크 1세대
XE,1963,9,M3 5세대 (14년~현재),Q7 2세대,뉴 XF,S클래스 7세대,CT6
XF,1179,12,S60 2세대,A5 2세대,A6 5세대,기블리,A6 3세대
XJ,2285,4,508 2세대,FPACE,CRV 5세대,퓨전 2세대,어코드 9세대
XJ 5세대,6537,1,-1,-1,-1,-1,-1
XM3,1536,87,캡처,QM5,더 뉴 QM6,QM6,뉴 QM3
XT5,3960,2,FPACE,V60 크로스컨트리 2세대,쿠가,EPACE,Q70
YF소나타 하이브리드,878,5,NF쏘나타,K5 하이브리드 2세대 (15~18년),ES 6세대,캠리 8세대,캠리
YF쏘나타,679,58,LF쏘나타,쏘나타 뉴 라이즈,쏘나타 DN8,쏘나타 더 브릴리언트,쏘나타 DN8 하이브리드
Z4 1세대 (02~09년),1555,1,-1,-1,-1,-1,-1
Z4 2세대 (09~16년),2035,2,-1,-1,-1,-1,-1
i3 (14년~현재),2207,4,2시리즈 그란 쿠페,시로코 3세대,타이칸,1시리즈 3세대 (20년~현재),더 비틀 3세대
i30,558,6,뉴 i30,i30 PD,벨로스터 JS,아반떼 CN7,더 뉴 아반떼
i30 GD,710,3,더 뉴 아이오닉 일렉트릭,넥쏘,아반떼 CN7 하이브리드,I30,아이오닉5
i30 PD,1667,29,뉴 i30,벨로스터 N,아반떼HD,i30,더 뉴 아반떼MD
i30CW,400,1,-1,-1,-1,-1,-1
i40,1050,13,NF쏘나타 트랜스폼,쏘나타 더 브릴리언트,i40 살룬,LF쏘나타 하이브리드,쏘나타 DN8 하이브리드
i40 살룬,963,19,NF쏘나타,NF쏘나타 트랜스폼,i40,YF소나타 하이브리드,로체 이노베이션 (08~10년)
i8 (15년~현재),8557,1,-1,-1,-1,-1,-1
갤로퍼,850,1,넥쏘,니로 EV (18년~현재),EV6 (21년~현재),쏠라티,LS 5세대
갤로퍼2,1270,1,-1,-1,-1,-1,-1
골프 5세대,499,1,-1,-1,-1,-1,-1
골프 6세대,692,10,제타 6세대,폴로 5세대,제타,2시리즈 액티브 투어러 1세대 (14년~현재),CC
골프 7세대,1439,21,제타,제타 6세대,골프 6세대,2시리즈 액티브 투어러 1세대 (14년~현재),모델 3
그랜드 C4 피카소,1520,1,-1,-1,-1,-1,-1
그랜드 스타렉스,1390,111,더 뉴 그랜드 스타렉스,스타리아,싼타페 더 스타일,디 올 뉴 투싼 하이브리드,싼타페DM
그랜드 카니발 (05~10년),438,9,뉴 카니발 R (10~14년),카니발 4세대 (20년~현재),더 뉴 카니발 (18~20년),올 뉴 카니발 (14~18년),스토닉 (17년~현재)
그랜저 뉴 럭셔리,468,23,더 뉴 그랜저IG,더 뉴 그랜저,그랜저HG,그랜저IG,더 럭셔리 그랜저
그랜저HG,1128,230,그랜저IG,더 뉴 그랜저IG,그랜저 뉴 럭셔리,더 뉴 그랜저,그랜저IG 하이브리드
그랜저HG 하이브리드,1551,10,더 뉴 그랜저IG 하이브리드,더 뉴 그랜저 하이브리드,그랜저IG 하이브리드,더 럭셔리 그랜저,그랜저 뉴 럭셔리
그랜저IG,1883,514,그랜저HG,더 뉴 그랜저IG,그랜저 뉴 럭셔리,더 뉴 그랜저,더 럭셔리 그랜저
그랜저IG 하이브리드,2202,150,더 뉴 그랜저 하이브리드,그랜저HG 하이브리드,더 뉴 그랜저,더 뉴 그랜저IG 하이브리드,그랜저 뉴 럭셔리
그랜저TG,405,4,더 뉴 그랜저IG 하이브리드,더 럭셔리 그랜저,K8 (21년~현재),그랜저 뉴 럭셔리,그랜저HG 하이브리드
글래디에이터,6142,2,레인저,볼트EV,레인지로버 4세대,타이칸,디스커버리 4
기블리,4507,5,Q50,S4,S60 2세대,CTS,V36
기아 더 SUV 스포티지,503,23,더 뉴 스포티지R (13~16년),스포티지R (10~13년),스포티지 더 볼드 (18년~현재),스포티지 4세대 (15~18년),뉴 스포티지 (04~10년)
넥쏘,2545,8,니로 EV (18년~현재),LS 5세대,갤로퍼,EV6 (21년~현재),시빅 10세대
노틸러스,4443,3,FPACE,V60 크로스컨트리 2세대,쿠가,QX60,퓨전 2세대
뉴 CC,1234,13,파사트 7세대,파사트 GT 8세대,아테온,CC,뉴 XF
뉴 QM3,1108,34,QM3,QM5,캡처,더 뉴 QM6,QM6
뉴 QM5,596,3,QM5 네오,미스터,마스터,508 1세대,쏠라티
뉴 QM6,2703,3,QM5 네오,마스터,뉴 QM5,미스터,뉴 SM5
뉴 SM3,397,33,SM3 네오,SM5 뉴 임프레션,뉴SM5 플래티넘,뉴 SM5 (신형),더 뉴 SM6
뉴 SM5,311,3,로체 이노베이션 (08~10년),QM5 네오,마스터,미스터,뉴 QM6
뉴 SM5 (신형),471,26,뉴SM5 플래티넘,SM5 노바,SM5 뉴 임프레션,SM5,더 뉴 SM6
뉴 XF,2750,9,CT6,Q50,몬데오 4세대,V40 2세대,파사트 GT 8세대
뉴 i30,870,21,i30 PD,i30,더 뉴 벨로스터,벨로스터 N,벨로스터 JS
뉴 라보,616,11,더 뉴 카렌스 (16~18년)0,F150,올 뉴 카렌스 (13~16년),쏠라티,익스프레스
뉴 레인지로버 스포츠,4697,12,레인지로버 스포츠,마칸,3008 2세대,X4 2세대 (18년~현재),508 1세대
뉴 로디우스,310,1,-1,-1,-1,-1,-1
뉴 마스터,3850,1,-1,-1,-1,-1,-1
뉴 스타일 코란도,1359,14,코란도 C,뉴 코란도 C,뉴 코란도,코란도 스포츠,더 뉴 코란도 스포츠
뉴 스타일 코란도 C,1849,2,-1,-1,-1,-1,-1
뉴 스포티지 (04~10년),532,4,올 뉴 카렌스 (13~16년),쏠라티,기아 더 SUV 스포티지,더 뉴 카렌스 (16~18년)0,마칸
뉴 쏘렌토R (12~14년),1294,33,MQ4,쏘렌토R (09~12년),쏘렌토 4세대 (20년~현재),올 뉴 쏘렌토 (14~17년),더 뉴 쏘렌토 (17~20년)
뉴 에쿠스,1514,64,아슬란,더 뉴 그랜저,그랜저 뉴 럭셔리,더 뉴 그랜저IG,제네시스DH
뉴 오피러스 (06~09년),530,1,-1,-1,-1,-1,-1
뉴 체어맨W,1162,10,체어맨W,체어맨 W,체어맨 H 뉴 클래식,로디우스,더 뉴 렉스턴 스포츠
뉴 카니발 R (10~14년),738,31,카니발 4세대 (20년~현재),그랜드 카니발 (05~10년),더 뉴 카니발 (18~20년),올 뉴 카니발 (14~18년),스토닉 (17년~현재)
뉴 카렌스 (06~08년),503,3,올 뉴 카렌스 (13~16년),스팅어 마이스터 (20년~현재),쏠라티,더 뉴 카렌스 (16~18년)0,IS 2세대
뉴 코란도,830,34,코란도 투리스모,코란도 스포츠,코란도 C,뉴 스타일 코란도,뉴 코란도 C
뉴 코란도 C,1136,15,코란도 C,더 뉴 코란도 스포츠,뉴 스타일 코란도,뉴 코란도,코란도 투리스모
뉴 투싼ix,1155,36,올 뉴 투싼,투싼ix,디 올 뉴 투싼,디 올 뉴 투싼 하이브리드,싼타페CM
뉴 포터,2689,1,-1,-1,-1,-1,-1
뉴 프라이드 (05~11년),420,1,-1,-1,-1,-1,-1
뉴SM5 플래티넘,725,37,SM5 노바,뉴 SM5 (신형),SM5 뉴 임프레션,SM5,더 뉴 SM6
뉴그랜저XG,290,1,-1,-1,-1,-1,-1
뉴다마스,563,24,토스카,콜로라도,올란도,라세티 프리미어,올 뉴 말리부
뉴모닝 (08~11년),339,23,모닝 어반 (20년~현재),더 뉴 모닝 (15~17년),올 뉴 모닝 (17~20년),올 뉴 모닝 (11~15년),마티즈 크리에이티브
뉴비틀 2세대,430,2,-1,-1,-1,-1,-1
뉴카이런,219,2,-1,-1,-1,-1,-1
뉴클릭,287,4,베르나,더 뉴 프라이드 (15~17년),208,쿠퍼 쿠페,볼트EV
니로 (16~19년),1478,69,더 뉴 니로 (19년~현재),쏘렌토 4세대 하이브리드 (20년~현재),K7 프리미어 하이브리드 (19~21년),올 뉴 K7 하이브리드 (16년~현재),K7 하이브리드 (13~16년)
니로 EV (18년~현재),3570,4,EV6 (21년~현재),넥쏘,LS 5세대,RAV4,쏠라티
다코타,1570,1,-1,-1,-1,-1,-1
더 K9 (18년~현재),3493,118,K9 (12~14년),더 뉴 K9 (14~18년),더 뉴 K7 (12~16년),더 프레스티지 K7 (11~12년),K7 프리미어 (19~21년)
더 넥스트 스파크,839,118,더 뉴 스파크,스파크,마티즈 크리에이티브,알페온,콜로라도
더 뉴 G70,2295,9,더 올 뉴 G80,G90,EQ900,제네시스 쿠페,G80
더 뉴 K3 (15~18년),1132,82,올 뉴 K3 (18~21년),K3 (12~15년),쏘울 부스터 (19년~현재),쏘울 (08~13년),포르테 (08~13년)
더 뉴 K5 (13~15년),1036,67,K5 (19년~현재),더 뉴 K5 (18~20년),K5 (10~13년),K5 2세대 (15~18년),스팅어 (17~20년)
더 뉴 K5 (18~20년),1495,93,K5 (19년~현재),더 뉴 K5 (13~15년),K5 (10~13년),K5 2세대 (15~18년),스팅어 (17~20년)
더 뉴 K5 하이브리드 (18~19년),2256,3,K5 하이브리드 2세대 (15~18년),스팅어 마이스터 (20년~현재),뉴 카렌스 (06~08년),K5 하이브리드 (11~15년),오피러스 프리미엄 (09~11년)
더 뉴 K7 (12~16년),1177,45,K7 프리미어 (19~21년),더 프레스티지 K7 (11~12년),올 뉴 K7 (16~19년),K7 프리미어 하이브리드 (19~21년),올 뉴 K7 하이브리드 (16년~현재)
더 뉴 K9 (14~18년),1905,18,K9 (12~14년),더 K9 (18년~현재),더 뉴 K9 (21년~현재),더 프레스티지 K7 (11~12년),K7 (09~11년)
더 뉴 K9 (21년~현재),7360,3,K8 (21년~현재),K7 (09~11년),300C 2세대,LS 5세대,MKS
더 뉴 QM6,1297,41,QM6,QM5,캡처,뉴 QM3,QM3
더 뉴 SM6,1590,11,뉴 SM5 (신형),SM6,SM5 뉴 임프레션,뉴SM5 플래티넘,SM5 노바
더 뉴 i30,1062,4,콰트로포르테  6세대,포르테 쿱 (09~13년),폴로 5세대,IS 3세대,시빅 10세대
더 뉴 i40,1620,1,-1,-1,-1,-1,-1
더 뉴 i40 살룬,1505,2,-1,-1,-1,-1,-1
더 뉴 그랜드 스타렉스,1939,83,그랜드 스타렉스,스타리아,싼타페 더 스타일,디 올 뉴 투싼 하이브리드,i40 살룬
더 뉴 그랜저,3474,44,더 뉴 그랜저IG,그랜저 뉴 럭셔리,그랜저HG,그랜저IG,더 뉴 그랜저 하이브리드
더 뉴 그랜저 하이브리드,4061,45,그랜저IG 하이브리드,그랜저HG 하이브리드,더 뉴 그랜저IG 하이브리드,더 뉴 그랜저,그랜저 뉴 럭셔리
더 뉴 그랜저IG,1797,106,그랜저HG,더 뉴 그랜저,그랜저IG,그랜저 뉴 럭셔리,더 럭셔리 그랜저
더 뉴 그랜저IG 하이브리드,1313,8,그랜저HG 하이브리드,그랜저TG,더 럭셔리 그랜저,더 뉴 그랜저 하이브리드,그랜저IG 하이브리드
더 뉴 니로 (19년~현재),1882,14,니로 (16~19년),쏘렌토 4세대 하이브리드 (20년~현재),디 올 뉴 투싼 하이브리드,더 뉴 그랜저IG 하이브리드,니로 EV (18년~현재)
더 뉴 레이 (17년~현재),963,128,레이 (11~17년),모닝 어반 (20년~현재),더 뉴 모닝 (15~17년),뉴모닝 (08~11년),올 뉴 모닝 (11~15년)
더 뉴 렉스턴 스포츠,3056,6,렉스턴W,올 뉴 렉스턴,뉴 코란도 C,더 뉴 렉스턴 스포츠 칸,뉴 스타일 코란도
더 뉴 렉스턴 스포츠 칸,3312,14,코란도 C,렉스턴W,더 뉴 코란도 스포츠,뉴 스타일 코란도,뉴 코란도 C
더 뉴 말리부,2153,61,올 뉴 말리부,말리부,알페온,콜로라도,뉴다마스
더 뉴 맥스크루즈,2072,24,맥스크루즈,베라크루즈,크루즈,어메이징 뉴 크루즈,올 뉴 크루즈
더 뉴 모닝 (15~17년),734,89,모닝 어반 (20년~현재),올 뉴 모닝 (11~15년),올 뉴 모닝 (17~20년),뉴모닝 (08~11년),레이 (11~17년)
더 뉴 모하비 (16년~19년),2038,85,모하비 더 마스터 (19년~현재),모하비 (07~16년),스포티지R (10~13년),스토닉 (17년~현재),기아 더 SUV 스포티지
더 뉴 벨로스터,1199,8,뉴 i30,벨로스터 N,i30 PD,i30 GD,아반떼HD
더 뉴 봉고3 (19년~현재),1459,46,봉고3 (04~19년),마이티,포터2 일렉트릭,포터2,F150
더 뉴 스파크,1042,154,더 넥스트 스파크,스파크,마티즈 크리에이티브,알페온,콜로라도
더 뉴 스포티지R (13~16년),1255,62,스포티지 더 볼드 (18년~현재),스포티지 4세대 (15~18년),스포티지R (10~13년),기아 더 SUV 스포티지,스토닉 (17년~현재)
더 뉴 싼타페,2200,29,싼타페DM,싼타페CM,싼타페 더 프라임,싼타페TM,싼타페 더 스타일
더 뉴 싼타페 하이브리드,4420,2,-1,-1,-1,-1,-1
더 뉴 쏘렌토 (17~20년),1997,235,올 뉴 쏘렌토 (14~17년),MQ4,쏘렌토 4세대 (20년~현재),쏘렌토R (09~12년),뉴 쏘렌토R (12~14년)
더 뉴 쏘울 (16~19년),1009,10,올 뉴 쏘울 (13~16년),쏘울 부스터 (19년~현재),쏘울 (08~13년),포르테 쿱 (09~13년),포르테 (08~13년)
더 뉴 아반떼,949,60,더 뉴 아반떼AD,아반떼MD,아반떼 CN7,아반떼AD,더 뉴 아반떼MD
더 뉴 아반떼AD,1404,74,더 뉴 아반떼,아반떼MD,아반떼AD,아반떼 CN7,더 뉴 아반떼MD
더 뉴 아반떼MD,823,24,아반떼HD,아반떼 CN7,더 뉴 아반떼,더 뉴 아반떼AD,i30 PD
더 뉴 아베오,860,1,-1,-1,-1,-1,-1
더 뉴 아이오닉 일렉트릭,2895,6,아이오닉5,i30 GD,더 뉴 아이오닉 하이브리드,아반떼 CN7 하이브리드,프리우스 4세대
더 뉴 아이오닉 하이브리드,2578,6,아반떼 CN7 하이브리드,더 뉴 아이오닉 일렉트릭,프리우스,LS 5세대,i30 GD
더 뉴 제네시스 쿠페,1260,8,제네시스 쿠페,MKS,카운티,300C 2세대,K8 (21년~현재)
더 뉴 카니발 (18~20년),2258,240,올 뉴 카니발 (14~18년),카니발 4세대 (20년~현재),뉴 카니발 R (10~14년),그랜드 카니발 (05~10년),스토닉 (17년~현재)
더 뉴 카렌스 (16~18년)0,856,11,올 뉴 카렌스 (13~16년),뉴 카렌스 (06~08년),쏠라티,트래버스,익스프레스
더 뉴 카마로SS,3350,1,-1,-1,-1,-1,-1
더 뉴 코나,1932,7,코나 일렉트릭,코나 N,코나,베뉴,아이오닉5
더 뉴 코나 하이브리드,560,1,-1,-1,-1,-1,-1
더 뉴 코란도 스포츠,1583,19,뉴 코란도 C,코란도 C,뉴 스타일 코란도,더 뉴 렉스턴 스포츠 칸,뉴 코란도
더 뉴 트랙스,1567,101,트랙스,트레일블레이저,이쿼녹스,캡티바,콜로라도
더 뉴 프라이드 (15~17년),788,7,쿠퍼 컨버터블 3세대,뉴클릭,500,쿠퍼 클럽맨 1세대,베르나
더 럭셔리 그랜저,625,6,그랜저 뉴 럭셔리,더 뉴 그랜저IG 하이브리드,그랜저TG,그랜저HG 하이브리드,더 뉴 그랜저
더 비틀 3세대,1318,5,시로코 3세대,C3 에어크로스,2시리즈 그란 쿠페,207,쿠퍼 컨버터블 3세대
더 올 뉴 G80,5692,11,더 뉴 G70,G90,EQ900,GV70,G80
더 프레스티지 K7 (11~12년),756,19,더 뉴 K7 (12~16년),K7 프리미어 (19~21년),올 뉴 K7 (16~19년),K7 프리미어 하이브리드 (19~21년),올 뉴 K7 하이브리드 (16년~현재)
두에고,860,1,-1,-1,-1,-1,-1
디 올 뉴 투싼,1814,7,투싼ix,디 올 뉴 투싼 하이브리드,뉴 투싼ix,올 뉴 투싼,싼타페 더 스타일
디 올 뉴 투싼 하이브리드,3327,9,투싼ix,디 올 뉴 투싼,뉴 투싼ix,올 뉴 투싼,싼타페 더 스타일
디스커버리 3,1190,1,-1,-1,-1,-1,-1
디스커버리 4,3039,4,코세어,XC60 2세대,디스커버리 5,C3 에어크로스,르반떼
디스커버리 5,4586,5,레인지로버 4세대,CRV 5세대,올 뉴 에비에이터,V40 크로스컨트리,RAV4
디스커버리 스포츠,3011,21,레인지로버 이보크,티구안 2세대,티구안 1세대,레인지로버 스포츠,뉴 레인지로버 스포츠
라브4 4세대,2680,1,-1,-1,-1,-1,-1
라세티 프리미어,305,7,토스카,익스프레스,랜서,로체 이노베이션 (08~10년),트래버스
랜서,670,2,S60 3세대,알티마 5세대,V36,로체 이노베이션 (08~10년),어코드 10세대
램픽업,7450,1,-1,-1,-1,-1,-1
랭글러 3세대,2993,9,컴패스 2세대,V60 크로스컨트리 2세대,XT5,C40,QX60
랭글러 4세대,5227,4,올 뉴 에비에이터,컴패스 1세대,CRV 5세대,RAV4,프리몬트
레니게이드,2478,27,체로키 5세대,익스플로러 5세대,티구안 1세대,2008,티구안 2세대
레스타,2300,1,-1,-1,-1,-1,-1
레이 (11~17년),776,79,더 뉴 레이 (17년~현재),모닝 어반 (20년~현재),더 뉴 모닝 (15~17년),뉴모닝 (08~11년),올 뉴 모닝 (11~15년)
레이스,24935,1,-1,-1,-1,-1,-1
레인저,5546,3,DS3,3008 2세대,투아렉 2세대,퓨전 2세대,쿠가
레인지로버 3세대,1560,1,-1,-1,-1,-1,-1
레인지로버 4세대,10262,4,디스커버리 5,CRV 5세대,508 2세대,3008 1세대,프리몬트
레인지로버 벨라,7300,1,-1,-1,-1,-1,-1
레인지로버 스포츠,2620,1,뉴 레인지로버 스포츠,레인지로버 이보크,마칸,3008 2세대,X4 2세대 (18년~현재)
레인지로버 이보크,2408,10,레인지로버 스포츠,뉴 레인지로버 스포츠,디스커버리 스포츠,티구안 1세대,티구안 2세대
레인지로버이보크 1세대,2712,4,3008 1세대,XC90 2세대,투아렉 2세대,CRV 5세대,C40
레인지로버이보크 2세대,5050,1,-1,-1,-1,-1,-1
렉스턴 2,250,1,-1,-1,-1,-1,-1
렉스턴 스포츠,2305,61,렉스턴 스포츠 칸,G4 렉스턴,올 뉴 렉스턴,더 뉴 렉스턴 스포츠 칸,코란도 C
렉스턴 스포츠 칸,2523,43,렉스턴 스포츠,G4 렉스턴,올 뉴 렉스턴,코란도 C,더 뉴 렉스턴 스포츠 칸
렉스턴W,1202,12,더 뉴 렉스턴 스포츠 칸,올 뉴 렉스턴,뉴 코란도 C,코란도 C,더 뉴 코란도 스포츠
로그 2세대,585,2,-1,-1,-1,-1,-1
로디우스,215,2,액티언,체어맨 W,V40 크로스컨트리,체어맨 H 뉴 클래식,체어맨W
로체 (05~07년),375,2,-1,-1,-1,-1,-1
로체 어드밴스 (07~08년),330,1,-1,-1,-1,-1,-1
로체 이노베이션 (08~10년),426,6,S60 3세대,랜서,캠리 7세대,XJ,스팅어 마이스터 (20년~현재)
르반떼,7623,3,코세어,페이톤,3008 1세대,V40 크로스컨트리,V60 크로스컨트리 2세대
리얼 뉴 콜로라도,3850,5,윈스톰,트래버스,익스프레스,라세티 프리미어,토스카
마스터,2590,1,QM5 네오,미스터,뉴 QM6,뉴 QM5,조에
마이티,2570,16,더 뉴 봉고3 (19년~현재),봉고3 (04~19년),포터2 일렉트릭,포터2,F150
마칸,6614,6,3008 2세대,뉴 레인지로버 스포츠,컴패스 1세대,레인저,투아렉 2세대
마티즈 크리에이티브,313,11,알페온,더 넥스트 스파크,콜로라도,더 뉴 스파크,스파크
말리부,811,47,올 뉴 말리부,더 뉴 말리부,알페온,뉴다마스,콜로라도
맥스크루즈,1715,17,베라크루즈,더 뉴 맥스크루즈,크루즈,어메이징 뉴 크루즈,올 뉴 크루즈
맥시마 8세대,1705,1,-1,-1,-1,-1,-1
머스탱 5세대,1100,1,-1,-1,-1,-1,-1
머스탱 6세대,3554,13,6시리즈 3세대 (11~18년),1시리즈 3세대 (20년~현재),X1 2세대 (16년~현재),X3 3세대 (17년~현재),7시리즈 6세대 (16년~현재)
모닝 (04~08년),180,1,-1,-1,-1,-1,-1
모닝 어반 (20년~현재),1260,16,더 뉴 모닝 (15~17년),뉴모닝 (08~11년),올 뉴 모닝 (11~15년),올 뉴 모닝 (17~20년),마티즈 크리에이티브
모델 3,6161,6,콰트로포르테  6세대,제타 6세대,폴로 5세대,Q30,더 뉴 i30
모하비 (07~16년),2027,36,더 뉴 모하비 (16년~19년),모하비 더 마스터 (19년~현재),기아 더 SUV 스포티지,스포티지R (10~13년),더 뉴 스포티지R (13~16년)
모하비 더 마스터 (19년~현재),3752,140,더 뉴 모하비 (16년~19년),모하비 (07~16년),스토닉 (17년~현재),더 뉴 스포티지R (13~16년),스포티지R (10~13년)
몬데오 4세대,1318,5,Q50,V40 2세대,뉴 XF,CTS,ATS
무라노 3세대,2290,1,-1,-1,-1,-1,-1
미스터,3380,3,마스터,QM5 네오,에스컬레이드 4세대,뉴 QM5,티록
박스터,5845,2,F타입,알티마 5세대,QX60,EPACE,FPACE
밴티지,8200,1,-1,-1,-1,-1,-1
베뉴,1184,12,아이오닉5,넥쏘,갤로퍼,더 뉴 아이오닉 하이브리드,i30 GD
베라크루즈,1213,20,맥스크루즈,더 뉴 맥스크루즈,크루즈,어메이징 뉴 크루즈,올 뉴 크루즈
베라티스,580,1,-1,-1,-1,-1,-1
베르나,380,3,208,C3 에어크로스,뉴클릭,500,쿠퍼 컨버터블 3세대
베리 뉴 티볼리,1877,42,티볼리 아머,티볼리 에어,티볼리,뷰티풀 코란도,코란도 투리스모
벤자,1290,1,-1,-1,-1,-1,-1
벨로스터,746,29,벨로스터 JS,벨로스터 N,i30,i30 PD,뉴 i30
벨로스터 JS,1543,39,벨로스터,벨로스터 N,i30 PD,뉴 i30,i30
벨로스터 N,2474,22,벨로스터 JS,i30 PD,벨로스터,더 뉴 벨로스터,뉴 i30
볼트EV,2662,5,208,글래디에이터,C3 에어크로스,DS3,타이칸
봉고3 (04~19년),1024,134,더 뉴 봉고3 (19년~현재),마이티,포터2,F150,포터2 일렉트릭
봉고3 EV (20년~현재),2010,2,-1,-1,-1,-1,-1
뷰티풀 코란도,2127,33,코란도 투리스모,뉴 코란도,코란도 스포츠,뉴 스타일 코란도,코란도 C
비스토 1세대 (19~04년),350,1,-1,-1,-1,-1,-1
셀토스 (19년~현재),1846,88,스토닉 (17년~현재),레이 (11~17년),더 뉴 레이 (17년~현재),스포티지R (10~13년),스포티지 4세대 (15~18년)
슈퍼 렉스턴,550,1,-1,-1,-1,-1,-1
스타리아,3705,3,넥쏘,갤로퍼,i30 GD,니로 EV (18년~현재),아이오닉5
스토닉 (17년~현재),1323,47,그랜드 카니발 (05~10년),뉴 카니발 R (10~14년),스포티지R (10~13년),뉴 쏘렌토R (12~14년),쏘렌토 4세대 (20년~현재)
스팅어 (17~20년),2397,50,K5 (10~13년),더 뉴 K5 (18~20년),더 뉴 K5 (13~15년),K5 2세대 (15~18년),K5 (19년~현재)
스팅어 마이스터 (20년~현재),4262,4,로체 이노베이션 (08~10년),S60 3세대,랜서,뉴 카렌스 (06~08년),캠리 7세대
스파크,507,175,더 뉴 스파크,더 넥스트 스파크,마티즈 크리에이티브,알페온,콜로라도
스포티지 4세대 (15~18년),1721,131,스포티지 더 볼드 (18년~현재),더 뉴 스포티지R (13~16년),스포티지R (10~13년),기아 더 SUV 스포티지,스토닉 (17년~현재)
스포티지 더 볼드 (18년~현재),1520,78,스포티지 4세대 (15~18년),더 뉴 스포티지R (13~16년),스포티지R (10~13년),기아 더 SUV 스포티지,뉴 스포티지 (04~10년)
스포티지R (10~13년),919,35,스포티지 더 볼드 (18년~현재),더 뉴 스포티지R (13~16년),기아 더 SUV 스포티지,스포티지 4세대 (15~18년),스토닉 (17년~현재)
스프린터 2세대,4700,1,-1,-1,-1,-1,-1
시로코 3세대,1235,5,더 비틀 3세대,2시리즈 그란 쿠페,207,C3 에어크로스,i3 (14년~현재)
시빅 10세대,1827,4,EPACE,프리우스 4세대,IS 2세대,EV6 (21년~현재),QX60
시빅 8세대,1040,1,-1,-1,-1,-1,-1
시빅 9세대,970,1,-1,-1,-1,-1,-1
시에나,2287,9,랭글러 3세대,XT5,FPACE,F타입,컴패스 2세대
싼타페,1850,1,싼타페 더 프라임,싼타페DM,싼타페TM,싼타페CM,더 뉴 싼타페
싼타페 더 스타일,665,6,싼타페CM,더 뉴 싼타페,싼타페DM,싼타페TM,싼타페 더 프라임
싼타페 더 프라임,1740,127,싼타페TM,싼타페DM,더 뉴 싼타페,싼타페CM,싼타페 더 스타일
싼타페CM,754,14,더 뉴 싼타페,싼타페DM,싼타페 더 프라임,싼타페TM,싼타페 더 스타일
싼타페DM,1426,92,싼타페 더 프라임,더 뉴 싼타페,싼타페TM,싼타페CM,싼타페 더 스타일
싼타페TM,2135,166,싼타페 더 프라임,싼타페DM,더 뉴 싼타페,싼타페CM,싼타페 더 스타일
쏘나타 DN8,2060,128,LF쏘나타,쏘나타 뉴 라이즈,YF쏘나타,쏘나타 더 브릴리언트,쏘나타 DN8 하이브리드
쏘나타 DN8 하이브리드,2613,23,LF쏘나타 하이브리드,쏘나타 뉴 라이즈 하이브리드,쏘나타 하이브리드,쏘나타 더 브릴리언트,YF쏘나타
쏘나타 뉴 라이즈,1466,110,쏘나타 DN8,LF쏘나타,YF쏘나타,쏘나타 더 브릴리언트,쏘나타 DN8 하이브리드
쏘나타 뉴 라이즈 하이브리드,1523,24,쏘나타 DN8 하이브리드,LF쏘나타 하이브리드,쏘나타 하이브리드,쏘나타 더 브릴리언트,YF쏘나타
쏘나타 더 브릴리언트,865,18,YF쏘나타,LF쏘나타,쏘나타 DN8,쏘나타 뉴 라이즈,LF쏘나타 하이브리드
쏘나타 하이브리드,1009,11,LF쏘나타 하이브리드,쏘나타 DN8 하이브리드,쏘나타 뉴 라이즈 하이브리드,쏘나타 더 브릴리언트,YF소나타 하이브리드
쏘렌토 (02~06년),290,2,-1,-1,-1,-1,-1
쏘렌토 4세대 (20년~현재),4051,21,MQ4,쏘렌토R (09~12년),뉴 쏘렌토R (12~14년),올 뉴 쏘렌토 (14~17년),더 뉴 쏘렌토 (17~20년)
쏘렌토 4세대 하이브리드 (20년~현재),4510,23,쏘렌토 4세대 (20년~현재),MQ4,쏘렌토R (09~12년),뉴 쏘렌토R (12~14년),올 뉴 쏘렌토 (14~17년)
쏘렌토R (09~12년),928,18,쏘렌토 4세대 (20년~현재),MQ4,뉴 쏘렌토R (12~14년),올 뉴 쏘렌토 (14~17년),더 뉴 쏘렌토 (17~20년)
쏘울 (08~13년),693,15,쏘울 부스터 (19년~현재),올 뉴 쏘울 (13~16년),더 뉴 쏘울 (16~19년),포르테 (08~13년),포르테 쿱 (09~13년)
쏘울 부스터 (19년~현재),1573,13,올 뉴 쏘울 (13~16년),쏘울 (08~13년),더 뉴 쏘울 (16~19년),포르테 (08~13년),포르테 쿱 (09~13년)
쏠라티,1528,5,EV6 (21년~현재),DS3,레인저,레인지로버 4세대,글래디에이터
아반떼,820,1,벨로스터,벨로스터 JS,뉴 i30,i30,i30 PD
아반떼 CN7,1794,57,더 뉴 아반떼,더 뉴 아반떼MD,더 뉴 아반떼AD,아반떼HD,아반떼MD
아반떼 CN7 하이브리드,2906,3,I30,더 뉴 아이오닉 하이브리드,프리우스,프리우스 4세대,시빅 10세대
아반떼 쿠페,720,1,-1,-1,-1,-1,-1
아반떼 하이브리드,330,1,-1,-1,-1,-1,-1
아반떼AD,1195,193,더 뉴 아반떼AD,아반떼MD,더 뉴 아반떼,아반떼 CN7,더 뉴 아반떼MD
아반떼HD,458,11,더 뉴 아반떼MD,아반떼 CN7,i30 PD,더 뉴 아반떼,벨로스터 N
아반떼MD,735,165,더 뉴 아반떼,더 뉴 아반떼AD,아반떼AD,아반떼 CN7,더 뉴 아반떼MD
아베오,515,8,뉴클릭,더 뉴 프라이드 (15~17년),익스프레스,트래버스,카마로
아슬란,1605,23,뉴 에쿠스,더 뉴 그랜저,제네시스DH,그랜저 뉴 럭셔리,더 뉴 G70
아이오닉 플러그인,440,1,-1,-1,-1,-1,-1
아이오닉 하이브리드,1861,34,더 뉴 아이오닉 일렉트릭,i30,더 뉴 아이오닉 하이브리드,뉴 i30,i30 PD
아이오닉5,5040,6,더 뉴 아이오닉 일렉트릭,베뉴,넥쏘,i30 GD,갤로퍼
아테온,3407,10,CC,파사트 7세대,뉴 CC,파사트 GT 8세대,Q5 1세대
알티마 4세대,575,2,-1,-1,-1,-1,-1
알티마 5세대,1120,5,S60 3세대,어코드 10세대,QX60,캠리 7세대,박스터
알티마 6세대,2166,3,QX60,쿠가,V60 크로스컨트리 2세대,FPACE,올 뉴 에비에이터
알페온,734,12,마티즈 크리에이티브,콜로라도,임팔라,더 뉴 스파크,스파크
액티언,299,1,로디우스,마칸,V40 크로스컨트리,CRV 5세대,레인저
액티언스포츠,565,2,-1,-1,-1,-1,-1
어메이징 뉴 크루즈,805,28,올 뉴 크루즈,크루즈,더 뉴 맥스크루즈,베라크루즈,맥스크루즈
어코드 10세대,2827,4,CT6,S60 3세대,알티마 5세대,F타입,CTS
어코드 7세대,320,1,-1,-1,-1,-1,-1
어코드 9세대,1210,3,XJ,508 2세대,CRV 5세대,FPACE,올 뉴 에비에이터
에스컬레이드 3세대,1990,1,-1,-1,-1,-1,-1
에스컬레이드 4세대,7079,3,MKC,508 2세대,올 뉴 에비에이터,프리몬트,CRV 5세대
엑센트(신형),674,75,올 뉴 프라이드 (11~15년),쿠퍼 3세대,쿠퍼 2세대,아베오,뉴클릭
오피러스 프리미엄 (09~11년),620,5,LS 4세대,파나메라 2세대,Q70,S60 3세대,EV6 (21년~현재)
올 뉴 K3 (18~21년),1383,123,더 뉴 K3 (15~18년),K3 (12~15년),쏘울 부스터 (19년~현재),쏘울 (08~13년),포르테 (08~13년)
올 뉴 K7 (16~19년),1646,202,K7 프리미어 (19~21년),더 뉴 K7 (12~16년),더 프레스티지 K7 (11~12년),K7 프리미어 하이브리드 (19~21년),올 뉴 K7 하이브리드 (16년~현재)
올 뉴 K7 하이브리드 (16년~현재),2043,33,K7 프리미어 하이브리드 (19~21년),더 뉴 K7 (12~16년),더 프레스티지 K7 (11~12년),K7 하이브리드 (13~16년),K7 프리미어 (19~21년)
올 뉴 M,530,1,-1,-1,-1,-1,-1
올 뉴 SM7,757,17,SM7 뉴 아트,SM7 노바,SM7,SM5 뉴 임프레션,더 뉴 SM6
올 뉴 레인지로버 이보크,4676,2,-1,-1,-1,-1,-1
올 뉴 렉스턴,3735,14,G4 렉스턴,렉스턴 스포츠 칸,렉스턴W,렉스턴 스포츠,뉴 코란도 C
올 뉴 말리부,1563,87,말리부,더 뉴 말리부,알페온,뉴다마스,콜로라도
올 뉴 모닝 (11~15년),674,155,올 뉴 모닝 (17~20년),더 뉴 모닝 (15~17년),모닝 어반 (20년~현재),뉴모닝 (08~11년),캐스퍼
올 뉴 모닝 (17~20년),751,176,올 뉴 모닝 (11~15년),더 뉴 모닝 (15~17년),모닝 어반 (20년~현재),뉴모닝 (08~11년),캐스퍼
올 뉴 쏘렌토 (14~17년),1879,166,더 뉴 쏘렌토 (17~20년),MQ4,쏘렌토 4세대 (20년~현재),쏘렌토R (09~12년),뉴 쏘렌토R (12~14년)
올 뉴 쏘울 (13~16년),858,5,더 뉴 쏘울 (16~19년),쏘울 부스터 (19년~현재),포르테 쿱 (09~13년),쏘울 (08~13년),포르테 (08~13년)
올 뉴 에비에이터,7909,4,CRV 5세대,RAV4,디스커버리 5,MKC,코세어
올 뉴 오딧세이,3750,1,-1,-1,-1,-1,-1
올 뉴 카니발 (14~18년),2042,213,더 뉴 카니발 (18~20년),카니발 4세대 (20년~현재),뉴 카니발 R (10~14년),그랜드 카니발 (05~10년),스토닉 (17년~현재)
올 뉴 카렌스 (13~16년),1033,11,더 뉴 카렌스 (16~18년)0,뉴 카렌스 (06~08년),쏠라티,스팅어 마이스터 (20년~현재),익스프레스
올 뉴 크루즈,1186,30,어메이징 뉴 크루즈,크루즈,더 뉴 맥스크루즈,베라크루즈,맥스크루즈
올 뉴 투싼,1654,209,뉴 투싼ix,투싼ix,디 올 뉴 투싼 하이브리드,디 올 뉴 투싼,싼타페CM
올 뉴 프라이드 (11~15년),676,36,쿠퍼 3세대,쿠퍼 2세대,쿠퍼 클럽맨 2세대,더 뉴 프라이드 (15~17년),쿠퍼 컨트리맨 1세대
올란도,983,85,캡티바,뉴다마스,이쿼녹스,콜로라도,트랙스
우루스,30390,1,-1,-1,-1,-1,-1
윈스톰,397,4,리얼 뉴 콜로라도,익스프레스,트래버스,이쿼녹스,라세티 프리미어
윈스톰 맥스,450,1,-1,-1,-1,-1,-1
이스케이프,1010,1,-1,-1,-1,-1,-1
이쿼녹스,2251,11,콜로라도,윈스톰,리얼 뉴 콜로라도,캡티바,트레일블레이저
이클립스,1280,1,-1,-1,-1,-1,-1
익스프레스,2316,6,트래버스,리얼 뉴 콜로라도,파일럿 3세대,FPACE,라세티 프리미어
익스플로러 5세대,2359,35,체로키 5세대,머스탱 6세대,2008,쿠퍼 컨트리맨 2세대,1시리즈 3세대 (20년~현재)
임팔라,1444,11,알페온,콜로라도,마티즈 크리에이티브,라세티 프리미어,토스카
제네시스,956,46,EQ900,G80,G90,GV80,제네시스DH
제네시스 쿠페,573,11,더 뉴 제네시스 쿠페,더 뉴 G70,더 올 뉴 G80,MKS,제네시스DH
제네시스DH,2023,116,EQ900,G80,G90,더 올 뉴 G80,더 뉴 G70
제타,2561,6,골프 7세대,제타 6세대,골프 6세대,3시리즈 5세대 (05~13년),2시리즈 액티브 투어러 1세대 (14년~현재)
제타 6세대,921,11,골프 6세대,폴로 5세대,제타,2시리즈 액티브 투어러 1세대 (14년~현재),Q3 1세대
젠트라,220,1,-1,-1,-1,-1,-1
조에,2572,4,C3 에어크로스,볼트EV,207,베르나,시로코 3세대
쥬크,1050,1,-1,-1,-1,-1,-1
체로키 4세대,1215,2,-1,-1,-1,-1,-1
체로키 5세대,2684,33,레니게이드,익스플로러 5세대,티구안 1세대,2008,티구안 2세대
체어맨 H,389,2,-1,-1,-1,-1,-1
체어맨 H 뉴 클래식,485,4,체어맨 W,체어맨W,파나메라 1세대,MKS,300C 2세대
체어맨 W,379,5,체어맨W,체어맨 H 뉴 클래식,뉴 체어맨W,로디우스,파나메라 2세대
체어맨H,270,1,-1,-1,-1,-1,-1
체어맨W,522,7,체어맨 W,체어맨 H 뉴 클래식,뉴 체어맨W,로디우스,액티언
카니발 4세대 (20년~현재),2189,58,뉴 카니발 R (10~14년),올 뉴 카니발 (14~18년),더 뉴 카니발 (18~20년),그랜드 카니발 (05~10년),스토닉 (17년~현재)
카마로,1349,1,F타입,박스터,CT6,FPACE,어코드 10세대
카마로SS,2420,2,-1,-1,-1,-1,-1
카운티,2826,8,MKS,300C 2세대,S90 2세대,MKZ 2세대,파나메라 2세대
카이엔 2세대,3785,2,-1,-1,-1,-1,-1
카이엔 3세대,13825,2,-1,-1,-1,-1,-1
캐스퍼,2119,5,트래버스,마티즈 크리에이티브,익스프레스,토스카,I30
캐시카이,1390,1,-1,-1,-1,-1,-1
캘리버,380,1,-1,-1,-1,-1,-1
캠리,2068,8,캠리 8세대,ES 6세대,기블리,YF소나타 하이브리드,S60 2세대
캠리 7세대,2006,3,S60 3세대,알티마 5세대,CT6,어코드 10세대,XJ
캠리 8세대,3040,7,ES 6세대,Q50,CTS,캠리,S4
캡처,2152,15,QM5,더 뉴 QM6,뉴 QM3,QM6,QM5 네오
캡티바,1038,33,이쿼녹스,트랙스,더 뉴 트랙스,트레일블레이저,콜로라도
컨티넨탈 10세대,3570,3,XT5,EPACE,QX60,알티마 6세대,FPACE
컴패스 1세대,786,7,CRV 5세대,랭글러 4세대,마칸,XT5,올 뉴 에비에이터
컴패스 2세대,2575,6,랭글러 3세대,C40,노틸러스,코세어,V60 크로스컨트리 2세대
코나,1781,95,코나 일렉트릭,더 뉴 코나,코나 N,베뉴,아이오닉5
코나 N,3372,4,더 뉴 코나,코나 일렉트릭,니로 EV (18년~현재),넥쏘,베뉴
코나 일렉트릭,3005,11,더 뉴 코나,코나 N,코나,아이오닉5,베뉴
코나 하이브리드,1575,2,-1,-1,-1,-1,-1
코란도 C,571,22,뉴 스타일 코란도,뉴 코란도 C,뉴 코란도,코란도 스포츠,코란도 투리스모
코란도 스포츠,1170,59,뉴 코란도,코란도 투리스모,코란도 C,뉴 스타일 코란도,뷰티풀 코란도
코란도 투리스모,1165,29,뉴 코란도,코란도 스포츠,뷰티풀 코란도,코란도 C,뉴 스타일 코란도
코세어,4820,2,XC60 2세대,노틸러스,르반떼,올 뉴 에비에이터,디스커버리 4
콜로라도,3258,9,이쿼녹스,알페온,마티즈 크리에이티브,윈스톰,트레일블레이저
콰트로포르테  6세대,5724,6,폴로 5세대,IS 3세대,포르테 쿱 (09~13년),더 뉴 i30,Q30
쿠가,1014,2,퓨전 2세대,FPACE,V60 크로스컨트리 2세대,QX60,C40
쿠퍼 1세대,880,1,-1,-1,-1,-1,-1
쿠퍼 2세대,789,14,쿠퍼 클럽맨 2세대,쿠퍼 컨트리맨 2세대,쿠퍼 컨트리맨 1세대,쿠퍼 3세대,500
쿠퍼 3세대,2236,49,쿠퍼 2세대,쿠퍼 클럽맨 2세대,올 뉴 프라이드 (11~15년),쿠퍼 컨트리맨 1세대,쿠퍼 컨트리맨 2세대
쿠퍼 컨버터블 2세대,1690,1,-1,-1,-1,-1,-1
쿠퍼 컨버터블 3세대,2909,5,쿠퍼 클럽맨 1세대,500,C3 에어크로스,208,베르나
쿠퍼 컨트리맨 1세대,1232,14,쿠퍼 컨트리맨 2세대,쿠퍼 클럽맨 2세대,쿠퍼 2세대,500,쿠퍼 클럽맨 1세대
쿠퍼 컨트리맨 2세대,3154,14,쿠퍼 컨트리맨 1세대,쿠퍼 클럽맨 2세대,쿠퍼 2세대,쿠퍼 클럽맨 1세대,쿠퍼 컨버터블 3세대
쿠퍼 쿠페,1276,3,C3 에어크로스,208,SLK클래스 3세대,쿠퍼 컨버터블 3세대,베르나
쿠퍼 클럽맨 1세대,808,5,쿠퍼 컨버터블 3세대,500,207,C3 에어크로스,208
쿠퍼 클럽맨 2세대,3144,14,쿠퍼 2세대,쿠퍼 컨트리맨 2세대,쿠퍼 컨트리맨 1세대,500,쿠퍼 3세대
큐브 3세대,650,1,-1,-1,-1,-1,-1
크루즈,553,47,더 뉴 맥스크루즈,어메이징 뉴 크루즈,올 뉴 크루즈,베라크루즈,맥스크루즈
클리오,1108,16,조에,쿠퍼 컨트리맨 1세대,쿠퍼 컨트리맨 2세대,쿠퍼 클럽맨 2세대,QM5 네오
타이칸,17925,2,C40,쿠가,208,C3 에어크로스,알티마 6세대
테라칸,420,1,-1,-1,-1,-1,-1
토러스,672,11,MKS,카운티,S클래스 7세대,머스탱 6세대,더 뉴 제네시스 쿠페
토스카,184,2,라세티 프리미어,트래버스,로체 이노베이션 (08~10년),익스프레스,캠리 7세대
토스카 프리미엄,220,1,-1,-1,-1,-1,-1
투싼,412,5,투싼ix,뉴 투싼ix,싼타페CM,싼타페 더 스타일,올 뉴 투싼
투싼ix,678,13,뉴 투싼ix,디 올 뉴 투싼,올 뉴 투싼,디 올 뉴 투싼 하이브리드,싼타페 더 스타일
투아렉 1세대,1450,1,-1,-1,-1,-1,-1
투아렉 2세대,2580,3,3008 1세대,쿠가,레인저,퓨전 2세대,레인지로버이보크 1세대
툰드라,4180,1,-1,-1,-1,-1,-1
트래버스,4077,4,익스프레스,리얼 뉴 콜로라도,토스카,윈스톰,라세티 프리미어
트랙스,952,41,더 뉴 트랙스,트레일블레이저,캡티바,이쿼녹스,콜로라도
트레일블레이저,2485,30,콜로라도,이쿼녹스,더 뉴 트랙스,트랙스,알페온
트위지,350,1,-1,-1,-1,-1,-1
티구안 1세대,1236,18,티구안 2세대,CC,2008,레인지로버 이보크,레인지로버 스포츠
티구안 2세대,2951,26,티구안 1세대,레인지로버 이보크,CC,디스커버리 스포츠,2008
티구안 올스페이스 2세대,3363,3,페이톤,르반떼,레인지로버이보크 1세대,308,투아렉 2세대
티록,2955,2,CRV 5세대,컴패스 1세대,마칸,레인저,올 뉴 에비에이터
티볼리,1249,99,티볼리 에어,베리 뉴 티볼리,티볼리 아머,뷰티풀 코란도,코란도 스포츠
티볼리 아머,1501,66,티볼리 에어,베리 뉴 티볼리,티볼리,뷰티풀 코란도,코란도 투리스모
티볼리 에어,1460,75,티볼리 아머,베리 뉴 티볼리,티볼리,뷰티풀 코란도,코란도 투리스모
파나메라 1세대,4756,6,파나메라 2세대,LS 4세대,어코드 10세대,S90 2세대,Q70
파나메라 2세대,12583,3,V90 크로스컨트리,LS 4세대,파나메라 1세대,300C 2세대,Q70
파사트 7세대,1208,10,뉴 CC,파사트 GT 8세대,아테온,CC,Q3 1세대
파사트 GT 8세대,2797,9,파사트 7세대,뉴 XF,뉴 CC,Q3 1세대,페이톤
파일럿 2세대,1590,1,-1,-1,-1,-1,-1
파일럿 3세대,3305,4,FPACE,CRV 5세대,EPACE,XJ,XT5
퍼시피카,550,1,-1,-1,-1,-1,-1
페이톤,1000,3,르반떼,308,티구안 올스페이스 2세대,투아렉 2세대,레인지로버이보크 1세대
펠리세이드,2916,166,싼타페TM,싼타페CM,싼타페 더 프라임,더 뉴 싼타페,싼타페 더 스타일
포레스트,3990,1,-1,-1,-1,-1,-1
포르테 (08~13년),517,17,쏘울 (08~13년),쏘울 부스터 (19년~현재),더 뉴 쏘울 (16~19년),올 뉴 쏘울 (13~16년),포르테 쿱 (09~13년)
포르테 쿱 (09~13년),483,9,콰트로포르테  6세대,올 뉴 쏘울 (13~16년),더 뉴 i30,폴로 5세대,더 뉴 쏘울 (16~19년)
포르테 해치백 (10~13년),534,2,-1,-1,-1,-1,-1
포커스,1250,1,-1,-1,-1,-1,-1
포터,1282,5,포터2,포터2 일렉트릭,마이티,더 뉴 봉고3 (19년~현재),봉고3 (04~19년)
포터2,1180,187,포터2 일렉트릭,포터,마이티,더 뉴 봉고3 (19년~현재),봉고3 (04~19년)
포터2 일렉트릭,2818,11,포터2,포터,마이티,더 뉴 봉고3 (19년~현재),F150
포투 2세대,1045,2,-1,-1,-1,-1,-1
폴로 5세대,825,5,콰트로포르테  6세대,308,제타 6세대,골프 6세대,포르테 쿱 (09~13년)
퓨전 1세대,370,1,-1,-1,-1,-1,-1
퓨전 2세대,910,4,쿠가,C40,V40 2세대,3008 1세대,XJ
프론티어,750,1,-1,-1,-1,-1,-1
프론티어 3세대,3490,1,-1,-1,-1,-1,-1
프리랜더2,830,1,-1,-1,-1,-1,-1
프리몬트,1050,2,레인지로버 4세대,CRV 5세대,디스커버리 5,에스컬레이드 4세대,V40 크로스컨트리
프리우스,1375,2,UX,LS 5세대,프리우스 4세대,시빅 10세대,NX
프리우스 4세대,2347,4,프리우스,시빅 10세대,308,UX,NX
플라잉스퍼 1세대,4650,1,-1,-1,-1,-1,-1
플라잉스퍼 2세대,12150,1,-1,-1,-1,-1,-1
휘가로,2500,1,-1,-1,-1,-1,-1